번호,뉴스기사날짜,뉴스기사제목
1,2021.01.25 05:30,[한경 CFO Insight] 삼정KPMG-코로나19로 중요해진 '융합보안'
2,2021.01.25 05:24,[한경 CFO Insight] 딜리뷰-네이버의 무서운 영토 확장
3,2021.01.25 00:27,대전 종교 교육시설서 127명 코로나 집단감염
4,2021.01.24 23:54,"홍남기 부총리, 자영업 손실보상 당정청 회의 불참"
5,2021.01.24 23:43,내일 400명대 중후반 예상…오후 9시까지 전국 신규확진 415명
6,2021.01.24 23:35,"'특전사 출신' 박군, 30억 포기하고 가수된 사연"
7,2021.01.24 23:03,"화이자 등 백신 공급 줄이자…EU ""계약 준수하게 할 것"""
8,2021.01.24 22:42,"日, 코로나19 신규확진 4000명 밑돌아…""확산세 둔화"""
9,2021.01.24 21:45,이번엔 대전…종교 관련 비인가 학교서 127명 무더기 감염 [종합]
10,2021.01.24 21:32,[속보] 대전 종교 관련 비인가 교육시설서 127명 코로나 확진
11,2021.01.24 21:22,서울 일일 확진자 최소 88명…두달만에 첫 두 자릿수 나오나
12,2021.01.24 21:08,"정부 ""동물→인간 코로나19 전파 사례는 없어"" [종합]"
13,2021.01.24 20:33,"견주에게 옮았나…""고양이 이어 강아지도 코로나19 확진"""
14,2021.01.24 19:51,"대전서 코로나19 13번째 사망자 발생…""80대 기저질환자"""
15,2021.01.24 19:49,"""화이자 백신, 남아공 변이 바이러스에 효과 없을 수도"""
16,2021.01.24 19:25,확산 감소세 지속…오후 6시까지 전국서 250명 신규 확진
17,2021.01.24 19:16,"바이든 ""트럼프 이민정책은 가혹…새로운 이민정책 추진"""
18,2021.01.24 18:22,[사설] '돈풀기 3법'에 韓銀 발권력까지…'영끌 퍼주기'인가
19,2021.01.24 18:21,[시론] 우리에겐 '벡터' 리더십이 필요하다
20,2021.01.24 18:21,[천자 칼럼] 중국과 인도의 긴 악연
21,2021.01.24 18:19,"[데스크 칼럼] 홍남기, 옳은 얘기 했다"
22,2021.01.24 18:18,[다산 칼럼] 기업만 희생하라는 '이익공유'
23,2021.01.24 18:16,[월요전망대] 코로나 3차 확산 피해 규모는 얼마였나
24,2021.01.24 18:13,[독자의 눈] 農心을 선물하자
25,2021.01.24 18:12,[한경에세이] 맵지만 행복 주는 '겉절이 효과'
26,2021.01.24 18:11,"장영수 총장, 사랑의 연탄나눔 봉사"
27,2021.01.24 18:04,"'절친' 매킬로이가 말했다…""우즈, 4월 마스터스 전에 컴백"""
28,2021.01.24 18:02,"빈필하모닉 '무관중' 신년음악회, 음반으로 나왔다"
29,2021.01.24 18:02,학령인구 절벽에 코로나 한파까지…재수학원 '한숨'
30,2021.01.24 17:59,"""설 명절 대박 메뉴 찾아라"" 롯데의 푸드 실험"
31,2021.01.24 17:54,신흥국으로 200조원 '머니무브'
32,2021.01.24 17:54,코로나 백신 부족 '고육지책'…한 병당 접종 횟수 늘린다
33,2021.01.24 17:53,"美 주택 거래량 14년 만에 최대…""올해 집값 더 뛴다"""
34,2021.01.24 17:53,美 첫 흑인 국방장관 탄생…옐런도 곧 인준
35,2021.01.24 17:51,바이든도 푹 빠졌다…코로나에도 '주가 10배' 급등한 기업
36,2021.01.24 17:49,중국 경제 중심축이 남쪽으로 내려온다
37,2021.01.24 17:49,"'밤 9시·5인 금지' 끝날까…정부 ""이번 주중에 조정안 결정"" [종합]"
38,2021.01.24 17:45,"백신 나왔지만 아무도 모른다, 집단면역 형성할지…엔데믹 될지…"
39,2021.01.24 17:44,내 주변 코로나 위험 알려주는 앱 나온다
40,2021.01.24 17:43,식약처 승인 치료제 '렘데시비르' 유일…셀트리온 등 15개 경쟁
41,2021.01.24 17:43,"""반도체값 20% 올리겠다""…車업계 '울상'"
42,2021.01.24 17:42,영유아 사망 0명…아이들은 왜 가볍게 앓고 지나갈까
43,2021.01.24 17:41,[포토] 바이든 취임식 무사히 치른 美…주방위군도 의사당 둘러보며 '여유'
44,2021.01.24 17:40,"정세균 ""새학기 등교수업 검토하라"""
45,2021.01.24 17:40,"새 학기 초등생 매일 등교하나…정부 추진에 의료계 ""섣부르다"""
46,2021.01.24 17:37,공포가 잠식한 코로나 1년…인류는 '과학'으로 맞섰다
47,2021.01.24 17:36,"한라그룹, 카카오 손잡고 제주에 관광단지 만든다"
48,2021.01.24 17:34,주요국 모두 법제화 없이…美 '저리 대출'·日 '방역협조금' 지원
49,2021.01.24 17:34,한국은행이 돈 찍어 '코로나 보상' 재원 대라는 與
50,2021.01.24 17:33,"재산권 무시한 與…""임대인만 손해 안봐, 30% 소급해 깎아줘라"""
51,2021.01.24 17:33,"아마존 등 빅테크 보유 늘리는 세계 헤지펀드…""실적 믿는다"""
52,2021.01.24 17:32,우리은행 경영전략회의에서 카뱅 대표가 강연한 까닭은
53,2021.01.24 17:31,콜센터·연예기획사 등 수시 근로감독
54,2021.01.24 17:31,"""코로나19 은폐 고소했던 中우한 주민들, 당국 감시 당해"""
55,2021.01.24 17:30,"면역력이 치사율 갈랐다…확진 80대 5명 중 1명 사망 때, 20대 '0명'"
56,2021.01.24 17:27,'빚투족' 유혹하는 스팸 전화 조심하세요
57,2021.01.24 17:27,"""바이러스 변이는 당연…사람→동물 감염도 나와"""
58,2021.01.24 17:26,"""확산 막는데 가장 효과적인 건 소모임 줄이기"""
59,2021.01.24 17:26,삼성 작년 반도체 영업이익 3위…인텔·TSMC에 밀려
60,2021.01.24 17:25,원화 실질가치 20개월來 최고…수출에 '복병'
61,2021.01.24 17:24,"2030, 통신사 제휴카드가 딱~4050은 학원·병원비 할인카드"
62,2021.01.24 17:24,"믿을 건 실적뿐…빅테크株의 질주, 한번 더?"
63,2021.01.24 17:23,중국발 '플라스틱 전쟁' 시작됐다…비상걸린 국내 화학업계
64,2021.01.24 17:22,"GE 658%, 디즈니 195%↑…이익개선 기대株 담아라"
65,2021.01.24 17:20,파세코 캠핑난로 열풍…주가도 뜨거워질까
66,2021.01.24 17:20,[한상춘의 국제경제 읽기] 바이든·포스트 코로나 시대…'중심축 국가'가 뜬다
67,2021.01.24 17:20,"상하이증시, 中 공업기업 이익 증가세 지속 전망"
68,2021.01.24 17:20,전기차·배터리…ESG 투자 'E'를 주목하자
69,2021.01.24 17:19,"확 찐 당신, 만보 카드로 '걷테크' 하세요"
70,2021.01.24 17:18,"잦은 핀셋 규제 피로감…""누더기 된 거리두기 전면 개편을"""
71,2021.01.24 17:16,코로나에도 탈탈 털었다…작년 압수수색 28만건
72,2021.01.24 17:15,공매도가 '박스피' 주범?…5대 쟁점으로 풀어본 공매도 논란
73,2021.01.24 17:10,위기의 문구업계 '온택트'로 활로 모색
74,2021.01.24 17:10,코로나 백신 CMO 낙수효과 기대 '솔솔'
75,2021.01.24 17:09,"정세균 ""'100조 손실보상법' 보도, 악의적…마구 퍼주잔 것 아냐"""
76,2021.01.24 17:08,국내 바이오기업 기술수출 지난해 10조1500억원
77,2021.01.24 16:56,"[속보] 정부 ""사회적 거리두기 단계 조정, 주중에 결정"""
78,2021.01.24 16:39,"[속보] 정부 ""코로나19 백신 관련 가짜뉴스에 엄중 대응"""
79,2021.01.24 16:37,"진주 국제기도원 확진 모녀 고양이, 국내 반려동물 첫 확진 [종합]"
80,2021.01.24 15:39,피로누적에 형평성 논란까지…누더기 '거리두기' 개편되나
81,2021.01.24 15:34,"정세균 ""반려동물 코로나 감염 첫 확인··관리지침 마련하라"""
82,2021.01.24 15:23,코로나19 확산세에도 지난해 압수수색 증가
83,2021.01.24 14:54,반도체 품귀에 가격 줄인상 움직임…'車업계 울상'
84,2021.01.24 14:32,"'비대면 방역로봇' LG 클로이 살균봇, 미국서 기술력 선봬"
85,2021.01.24 14:13,롯데의 음식 전담 별동대…이번엔 설 명절음식 '뚝딱'
86,2021.01.24 13:43,"시진핑 ""금융은 국민 경제의 맥…더 철저히 감독해야"""
87,2021.01.24 13:37,"취업 컨설팅, 온라인 박람회 등…중진공서 中企 취업 지원"
88,2021.01.24 13:28,"진옥동 신한은행장 ""고객과 미래를 잇는 디지털 컴퍼니로 변하자"""
89,2021.01.24 13:26,등교 중단에 재택 근무…문구업계 돌파구는 '언택트'
90,2021.01.24 12:32,"수산물 마케팅, ""고객 서비스까지 책임집니다"""
91,2021.01.24 12:00,올해 근로감독 '자율개선' 우선…취약계층은 집중 감독
92,2021.01.24 10:28,나라별 최고 인기 포장 음식 보니…'K푸드' 꼽은 나라 3곳
93,2021.01.24 10:25,文대통령 지지율 짓누르는 최대 '악재'…13주째 '부동산'
94,2021.01.24 10:05,"신규확진 392명, 완만한 감소세…거리두기 완화되나[종합]"
95,2021.01.24 09:59,"대선 게임 '미끼' 된 코로나 보상…정세균 이낙연 이재명, '돈풀기'로 레이스 시작 [홍영식의 정치판]"
96,2021.01.24 09:32,[속보] 코로나19 신규확진 392명…다시 300명대로
97,2021.01.24 09:30,"강남구 예산 20억 투입했는데…""미미위? 아이돌인가요?"" [현장+]"
98,2021.01.24 09:25,"美 주택 거래량, 2006년 후 최대…""올해 집값 더 뛸 것"""
99,2021.01.24 08:55,"보일러 수리 후 확진 고백한 중국인에…""생계 막막해져"""
100,2021.01.24 08:03,"건설주택포럼, 비대면 정기총회·신년회 개최"
101,2021.01.24 08:00,"'보편-선별지급' 프레임 다각화…원희룡 '무차별-맞춤형', 임종석 '사회적 지급' 제시"
102,2021.01.24 08:00,"50년 전쟁 후 찾아온 참혹한 기근의 역사 [윤명철의 한국, 한국인 재발견]"
103,2021.01.24 07:00,페북·구글 벌벌 떤다?…바이든 '빅테크 규제' 실체 뜯어보니 [노정동의 3분IT]
104,2021.01.23 23:19,"'美 토크쇼 전설적인 진행자' 래리 킹, 코로나19로 사망"
105,2021.01.23 22:02,동부구치소 직원 1명 추가 확진…교정시설 확진자 1262명
106,2021.01.23 21:08,바이든 취임식 배치된 주방위군 200여명…코로나19 '감염'
107,2021.01.23 19:30,오후 6시까지 전국 309명 확진…전날보다 21명 줄어
108,2021.01.23 19:09,오후 6시까지 서울서 신규 확진자 117명 발생
109,2021.01.23 18:33,한해 연기 도쿄올림픽 '무관중 개최' 되나?…손실만 26조
110,2021.01.23 16:49,"""폐 딱딱해지고 기능 저하""…40명 중 7명 겪은 '코로나 후유증'"
111,2021.01.23 16:01,"당국 ""코로나19 백신접종 계획 28일 나온다"""
112,2021.01.23 15:48,"박인비·김아림, 펫푸드 업체 OSP와 후원 계약 체결"
113,2021.01.23 15:37,"""일 안 하고 그냥 쉬었다""…2040 취업포기자 '100만명 시대' [신현보의 딥데이터]"
114,2021.01.23 15:36,"""우리 아파트 최고예요""…집주인들 '눈물의 자랑 배틀'"
115,2021.01.23 15:13,"'0원마켓' 방문한 정총리 ""저소득층 소득지원 확대 약속"""
116,2021.01.23 15:12,"방역당국 ""변이 바이러스 전파력 크다…국내 확산 우려"""
117,2021.01.23 15:02,"65세 된 빌게이츠, 코로나 백신 1차 접종했다"
118,2021.01.23 14:57,"싱가포르 간호사, 격리기간 무시하고 7차례 외출했다가 '징역형'"
119,2021.01.23 14:53,"[속보] 방역당국 ""코로나19 백신 접종 시행계획 28일 발표 예정"""
120,2021.01.23 14:29,"[속보] 당국 ""초등학교 감염 위험성 평가후 등교수업 검토할 것"""
121,2021.01.23 14:18,"박영선 ""멈춤 끝""…서울시장 보궐선거 출마 본격 시동"
122,2021.01.23 14:15,"""이게 다 비트코인 때문""…'채굴장 폐쇄' 초강수 둔 나라 [비트코인 나우]"
123,2021.01.23 14:13,"바이든 '첫 정상통화'는 트뤼도…인접국과 ""트럼프 지우기"" 행보"
124,2021.01.23 13:57,"코로나19로 힘든 때, B급 마케팅의 웃음이 먹힌다"
125,2021.01.23 13:10,바이든 취임식의 '보라색'으로 본 컬러마케팅
126,2021.01.23 11:58,"경찰, '코로나 음성' 허위소견서 쓴 괴산성모병원 수사 착수"
127,2021.01.23 11:26,서울 어제 127명 코로나 신규확진…전날보다 많아
128,2021.01.23 11:21,거리두기 2단계로 내릴까…일평균 지역발생 300명대 진입
129,2021.01.23 11:01,영화 '레디플레이어원'으로 본 미래 산업 지형도…VR 헤드셋만 쓰면 나도 세상도 원하는 대로
130,2021.01.23 10:49,코로나 3차 유행 충격 여파…작년 4분기 성장률은
131,2021.01.23 10:41,"""뭣이 중헌디""…인천 차이나타운, 한달 동안 '차 있는 거리'"
132,2021.01.23 10:00,나경원도 안철수도 이태원으로…野 주자들 '핫플' 된 용산 [이슈+]
133,2021.01.23 09:35,[속보] 코로나19로 어제 9명 사망…총 1337명
134,2021.01.23 09:34,[속보] 코로나 431명 신규확진…하루만에 다시 400명대
135,2021.01.23 09:26,"신학기 등교하나…정총리, 등교수업 검토 지시 ""방역전략 짜라"""
136,2021.01.23 09:17,트럼프 탄핵 심판 2주 미뤄져…상원서 2월 둘째 주 개시
137,2021.01.23 09:17,"""두 자리 띄어앉기 근거가 무엇입니까""…공연·영화계 '호소' [이슈+]"
138,2021.01.23 09:01,"바이든, 2000조원 경기부양책 필요 강조…""과감하게 행동해야"""
139,2021.01.23 08:49,"트럼프 탄핵심판 늦춰지나…바이든 ""위기대처 시간달라"""
140,2021.01.23 08:11,"""남편이 나 몰래 퇴근 후 오피스텔에…"" 딱 걸린 이중생활 [법알못]"
141,2021.01.23 08:00,"주말의 홈트|한수진의 요가 한 수, '코로나 블루 이겨내는 스트레칭'"
142,2021.01.23 07:31,"與 ""야권주자들, 코로나 표팔이"" vs 野 ""방역이 예비 대선판?"" [여의도 브리핑]"
143,2021.01.23 07:00,망원경이야 카메라야…日캐논 '파워샷 줌' 써보니 [배성수의 다다IT선]
144,2021.01.23 07:00,치솟는 실질 원화가치…수출 전선에 복병될까 [김익환의 외환·금융 워치]
145,2021.01.23 04:08,설민석 하차 '선녀들' 시즌 종영 후 재정비 돌입 [공식]
146,2021.01.23 01:43,"네이버, 빅히트에 지분 투자 검토"
147,2021.01.22 23:40,오후 9시까지 전국서 366명 신규 확진…23일 400명 안팎 예상
148,2021.01.22 22:01,日코로나 신규 확진 나흘째 5000명선
149,2021.01.22 21:15,"부산본부세관, 설 수출입 통관 지원…24시간 체제"
150,2021.01.22 21:02,바이든 취임식 트럼프 때보다 많이 봐…TV로 4000만명 시청
151,2021.01.22 19:22,"최승재, 코로나 장기화 속 위기 처한 소상공인들과 간담회"
152,2021.01.22 18:35,오후 6시까지 서울서 106명 신규확진…전날보다 7명 많아
153,2021.01.22 18:33,오후 6시까지 전국서 330명 신규확진…어제보다 59명 늘어
154,2021.01.22 17:48,"""멀쩡하게 파는 계란을 누가 없대요?""…편의점 '품절 소동'"
155,2021.01.22 17:41,자영업자 표심 노린 與…'코로나 3법' 졸속입법 추진
156,2021.01.22 17:40,월 3000만원 손실 지원?…'부자 자영업자'가 혜택 더 받는다
157,2021.01.22 17:39,"""손실보상 짚어볼 내용 많다""…8번째 반기 든 홍남기, 이번엔 소신 지킬까"
158,2021.01.22 17:36,"바이든 ""美 코로나 사망 50만명 넘을 수도…입국자 격리"""
159,2021.01.22 17:35,또 코로나 퍼주기…아이들 미래는 안중에 없다
160,2021.01.22 17:35,"""보상법 빨리 통과시켜라""…되레 포퓰리즘 거드는 野"
161,2021.01.22 17:34,상업용 부동산 대출도 옥죄나
162,2021.01.22 17:33,"""갤럭시S21 나왔어요""…통신 3사, 비대면 사전개통"
163,2021.01.22 17:33,"""제주항공, 화물운송으로 돌파구 마련"""
164,2021.01.22 17:32,문 대통령 지지율 37% '취임후 최저'
165,2021.01.22 17:31,아군에게도 난타당하는 이재명의 '10만원'
166,2021.01.22 17:30,디즈니 콘텐츠 스토리 바꾸는 LG디스플레이
167,2021.01.22 17:30,[사설] 기재부 우려에 '저항' 딱지 붙이면 곳간은 누가 지키나
168,2021.01.22 17:30,캐시 우드의 선택은? 급부상한 우주항공 혁신기업 총정리 [주코노미TV]
169,2021.01.22 17:29,"[사설] '안으로 통합, 밖으론 동맹', 한국에도 절실한 바이든 메시지"
170,2021.01.22 17:26,[클릭! 한경] 코로나 백신 위해 출국 준비했던 이재용
171,2021.01.22 17:23,"셀트리온 코로나 치료제, 사이버 공격에 정보 유출"
172,2021.01.22 17:20,브렉시트 3주…삐걱거리는 영국 경제
173,2021.01.22 17:20,명동 상권 공실률 21% 가장 높아
174,2021.01.22 17:17,GE 658%·디즈니 195%·마이크론 94%…美 기업 잡아라
175,2021.01.22 17:17,"""앱과 TV 연결해 손쉬운 스윙 연습…거리 잘 맞지만 가끔 센서 오작동"""
176,2021.01.22 17:15,"세수 쪼들리는 뉴욕, 카지노 설립 움직임"
177,2021.01.22 17:14,[포토] 아스트라제네카 백신 위탁생산 印 공장서 화재
178,2021.01.22 17:13,"'국경분쟁' 중국·인도, 이번엔 백신 외교戰"
179,2021.01.22 17:13,"""투자자들, 끓어오르는 물 속 개구리 같다"""
180,2021.01.22 17:12,"인텔의 자신감…""대부분 자체 생산하겠다"""
181,2021.01.22 17:10,의회 벽에 부딪힌 바이든의 '1.9조弗 부양책'…규모 축소 가능성
182,2021.01.22 17:08,경기 회복에 집중하는 바이든…저금리 시대 투자 전략은 [독점 UBS리포트]
183,2021.01.22 17:03,"대한항공, 주가 날자 유상증자 판 키웠다…'3조3000억'"
184,2021.01.22 16:54,정치권도 ESG 관심…의제 선점 경쟁 나서
185,2021.01.22 16:52,"[단독] ""은행 오피스 빌딩 대출 조여라""…與, 금융당국 압박"
186,2021.01.22 16:29,"野 ""정 총리 격노에 홍남기 반박…文 정부 갈등 점입가경"""
187,2021.01.22 16:22,"""G7 모시게 돼 기쁘다""…존슨 영국 총리, 문 대통령에 친서"
188,2021.01.22 15:51,"""코로나 이용 세력 누구냐""…여야, '방역의 정치화' 설전"
189,2021.01.22 15:48,"현대건설, 작년 매출 1.8% 감소한 16조9709억원"
190,2021.01.22 15:41,文대통령 지지율 37% 역대최저…부정평가 1위는 '부동산'
191,2021.01.22 15:36,"리얼미터 조사서 급등했던 文 지지율, 갤럽 조사선 최저치"
192,2021.01.22 15:35,"""내년 구리값 1만달러 넘을 것""…월가가 꼽은 구리 테마주는?"
193,2021.01.22 15:23,"존슨 영국 총리, 文대통령에 ""G7 정상회의 참석해달라"" 친서 보내"
194,2021.01.22 15:16,포청천이 와도 답 없다…보복 판치는 살벌한 '층간소음' 갈등
195,2021.01.22 15:10,"[Issue part.2 - 체외진단산업의 현재와 미래] 오상헬스케어 ""진단을 정기구독하는 시대 만들 것"""
196,2021.01.22 15:04,"제넥신, 연세대와 차세대 결핵 DNA 예방백신 개발"
197,2021.01.22 14:58,"'음성 판정' 美 방문자 7일간 격리…바이든, 10개 코로나 행정명령 서명"
198,2021.01.22 14:57,"[Issue part.2 - 체외진단산업의 현재와 미래] SD바이오센서, 면역진단·분자진단 모두서 플랫폼 구축"
199,2021.01.22 14:18,'세수부족' 틈타 뉴욕 맨해튼에 카지노 설립 '바람'
200,2021.01.22 14:12,"세화아이엠씨, KF94 마스크 식약처 허가"
201,2021.01.22 13:52,"무려 '100조' 규모…與, 코로나 손실보상법 추진"
202,2021.01.22 13:44,"SK바이오사이언스, 코로나 백신 유통·보관 맡는다"
203,2021.01.22 13:38,"금달걀·금사과·금파…""올해 설 차례상 비용 11% 뛴다"""
204,2021.01.22 12:33,"'정세균계' 與 이원욱, 이재명에 ""포퓰리즘 논쟁 중단하라"""
205,2021.01.22 12:32,"중국 vs 인도, 아시아에서 '백신 외교' 전쟁"
206,2021.01.22 12:16,"나경원, 정 총리 향해 ""방역을 정치에 이용한 건 文 정권"""
207,2021.01.22 11:56,"美 유명 공매도 투자자, 지난해 간신히 적자 면했다"
208,2021.01.22 11:35,"한미약품, 3년 연속 원외처방 1위…코로나19 불구 지속 성장"
209,2021.01.22 11:34,"홍남기 ""자영업 영업제한 손실보상 검토…재정 고려해야"""
210,2021.01.22 11:32,"간호협회 찾은 '의사' 안철수 ""코로나 터널, 이제 절반 왔다"""
211,2021.01.22 11:32,"文지지율 급반등에 與 '반색'…""보궐선거 걱정 안해도 된다"""
212,2021.01.22 11:29,"초등 학부모 40%, 비대면 수업 '비효과적'…효과적인 과목 1위 '영어'"
213,2021.01.22 11:19,집콕 홈술족 덕분에…'지평막걸리' 지난해 최대 매출
214,2021.01.22 11:16,"이원욱 ""이재명, 재난기본소득 포퓰리즘 논쟁 중지해야"""
215,2021.01.22 10:59,"정세균에 맞선 홍남기 ""자영업 손실 보상, 재원 검토 필요"""
216,2021.01.22 10:52,"코로나19 항체 치료제, 미국 투약 가속화…투약률 39% 확대"
217,2021.01.22 10:51,[글로벌 핫뉴스] 코로나로 주목받은 디지털 헬스케어
218,2021.01.22 10:50,"'정은경 논문' 나오자…이낙연 ""저학년부터 우선 등교 검토"""
219,2021.01.22 10:24,"쏟아지는 관심, 역대급 경쟁률 예고…'더샵 디오션시티 2차' 이달 분양 예정"
220,2021.01.22 10:18,"[단독] 강원래 ""영업중단 손실 2억5천…지원금은 170만원"""
221,2021.01.22 10:17,"[마켓인사이트]와이바이오로직스, IPO 잰걸음... 상반기 예심 청구 예정"
222,2021.01.22 10:12,'백신 CMO 전쟁' 2라운드…노바백스發 낙수효과 시작된다
223,2021.01.22 10:07,"코로나 신규확진, 두 달 만에 최소…다시 300명대로 [종합]"
224,2021.01.22 09:46,"'노동자 사망' 쿠팡, 이재명에 찍혔다…""샅샅이 조사 후 개선"""
225,2021.01.22 09:42,"""줄 서지 말고 온라인서""…롯데온, 나이스크랍 패밀리세일"
226,2021.01.22 09:41,"대우건설, 인테리어 '그린라이프 테라스' 등 도입"
227,2021.01.22 09:40,"""투자자들 끓어오르는 물 속 개구리 같다""…클라만 회장 경고"
228,2021.01.22 09:37,"[마켓인사이트]가정간편식 브랜드 테이스티나인, IPO 추진"
229,2021.01.22 09:34,영업중단에 피눈물 흘리고 여권 지지자 공격까지…두 번 운 강원래
230,2021.01.22 09:31,"[속보] 코로나 신규확진, 어제 346명…사흘만에 다시 300명대"
231,2021.01.22 09:25,"안철수 때린 정 총리 ""자영업자 불안감을 선거에 이용"""
232,2021.01.22 09:24,"[Issue part.2 - 체외진단산업의 현재와 미래] 나노엔텍, 랩온어칩으로 진단기술을 명품화한다"
233,2021.01.22 09:09,"'의사' 안철수, 코로나 의료봉사 이어 오늘은 간호사 만난다"
234,2021.01.22 09:06,인도서 현대차·기아 SUV '돌풍'…가장 많이 팔린 車는?
235,2021.01.22 09:03,"英 언론 ""日 정부, 코로나로 도쿄올림픽 취소 내부 결론"""
236,2021.01.22 08:49,"“美 유나이티드헬스케어그룹, 상업보험 매출 회복 전망”"
237,2021.01.22 08:41,"[Issue part.2 - 체외진단산업의 현재와 미래] 피씨엘, 혈액진단시장서 글로벌 진단기업 반열에 올라선다"
238,2021.01.22 08:41,"[Issue part.2 - 체외진단산업의 현재와 미래] 수젠텍 ""국내 기업이 대형 진단기기 시장 강자되는 모습 보여줄 것"""
239,2021.01.22 08:37,"[Issue part.2 - 체외진단산업의 현재와 미래] 씨젠, 다중진단기술로 '신드로믹 검사' 시대 준비"
240,2021.01.22 08:34,"[Issue part.1 - 체외진단산업의 현재와 미래] 체외진단산업, 포스트 코로나 시대를 준비하라"
241,2021.01.22 08:32,"'파운드리 확대 기조' 인텔, GPU→TSMC·칩셋→삼성"
242,2021.01.22 08:30,이익공유 모델? 농어촌기금 설치 뒤 '기업 임원' 국감 단골됐다
243,2021.01.22 08:15,"이스라엘 의료진 37% 백신 부작용…""증세는 경미"""
244,2021.01.22 08:13,코로나19로 예식·숙박·외식 관련 소비자 상담 증가
245,2021.01.22 08:08,[김현석의 월스트리트나우] 코로나 위기 끝? 2월 말 이스라엘 보면 안다
246,2021.01.22 07:59,"ECB, 기준금리 0%로 동결…채권 매입 그대로"
247,2021.01.22 07:48,인구 25% 백신 접종한 이스라엘…착오로 과잉투여 잇따라
248,2021.01.22 07:44,"""음성 증명서 제출에 격리까지""…미국 입국 까다로워진다"
249,2021.01.22 07:30,"공수처 출범…與 ""노무현 꿈 이뤄"" vs 野 ""정권수호처 우려"" [여의도 브리핑]"
250,2021.01.22 07:14,"""살고 싶다면 따라와라""…백신 맞은 슈워제네거의 한 마디"
251,2021.01.22 07:12,애플·MS·테슬라…다음주 실적 발표에 쏠린 눈 [조재길의 지금 뉴욕에선]
252,2021.01.22 07:12,내달 코로나19 백신 접종 예고…국내 도입 가장 빠른 백신은?
253,2021.01.22 07:00,"[모닝브리핑] 뉴욕증시 '바이든 랠리' 부담에 혼조…""출근길 안개 조심"""
254,2021.01.22 06:30,"바이든 ""미국 입국승객, 탑승전 검사하고 도착시 격리해야"""
255,2021.01.22 06:21,"바흐 IOC 위원장 ""日 도쿄올림픽 7월 예정대로…대안 없다"""
256,2021.01.21 23:53,지난주 美 신규실업수당 청구 90만건…2주 연속 90만대
257,2021.01.21 23:40,"ECB 기준금리 동결, 채권매입규모 유지…""코로나 하방위험 여전"""
258,2021.01.21 23:07,내일 300명대 복귀 기대…오후 9시까지 전국 신규확진 301명
259,2021.01.21 21:47,"IOC 위원장 ""도쿄올림픽 7월 예정대로 진행"""
260,2021.01.21 20:20,"독일 코로나19 사망자 이틀째 1000명대…""국경통제"" 경고"
261,2021.01.21 20:19,나만의 아지트 '홈바' 분위기 있게 꾸미고 싶다면…
262,2021.01.21 19:49,"20만원 넘는 설 선물, 3배 더 팔렸다"
263,2021.01.21 19:37,"파우치 ""바이든, 백신 공동 구매 참여할 듯""…WHO ""환영 입장"""
264,2021.01.21 18:51,오후 6시 기준 신규확진 271명…어제보다 52명↓
265,2021.01.21 18:30,"문대통령 ""강경화, 최장수 장관…한반도 평화에 헌신"""
266,2021.01.21 18:22,[특파원 칼럼] 미국엔 없는 '연금 투자 70% 룰'
267,2021.01.21 18:13,'사회적 거리두기 문서' 유출자 찾았다…범인은 공무원
268,2021.01.21 18:11,"mRNA 백신, 접종 후 두달까지 항체 유지…변이 대응력은 떨어져"
269,2021.01.21 18:09,"[단독] 與, 배달업체·포털에 퇴짜 맞고 인터넷협회 불렀다"
270,2021.01.21 18:09,[책마을] 냉장고가 열어준 '쿨한 미래'
271,2021.01.21 18:08,"나경원의 필승 삼행시…""'나'경원은 '경'선에서 '원'탑이다"""
272,2021.01.21 18:07,"강춘자 KLPGT대표 ""코로나 극복 저력 살려…올해 사상 최대 투어 열겠다"""
273,2021.01.21 18:06,"""문란한 암컷"" ""추미애 채시라 닮아""…'문제 발언' 진혜원 징계요구 봇물"
274,2021.01.21 18:04,"부산 7色 매력 '세븐브릿지', 1000만 관광객 시대 연다"
275,2021.01.21 17:59,[취재수첩] 플랫폼 기업이 여당 '상생 간담회' 거부한 이유
276,2021.01.21 17:58,[시론] 실물·자산 디커플링의 역습 경계할 때
277,2021.01.21 17:56,"이동원 한국전시산업진흥회장 ""MICE 산업도 친환경에 적극 대응해야죠"""
278,2021.01.21 17:56,[홍순철의 글로벌 북 트렌드] 혹독한 '코로나 겨울'을 치유하는 위로
279,2021.01.21 17:53,[책마을] 칭찬도 '권력의 부산물'일 뿐…소통을 하라
280,2021.01.21 17:52,[주목! 이 책] 제트코노미
281,2021.01.21 17:50,위로 한잔이 고픈 퇴근길…와인 사들고 간다
282,2021.01.21 17:50,[한경에세이] 한파를 이기는 방법
283,2021.01.21 17:50,"그레이로 세련되게, 옐로로 생기있게…패피는 '올해의 色'을 입는다"
284,2021.01.21 17:49,牛랏차차…여기 가면 올해 대박 납니다
285,2021.01.21 17:49,공매도·빚투 매물 걱정없는 '소외된 알짜株' 주목
286,2021.01.21 17:49,집콕으로 즐기는 예술생활…무용·클래식 거장에게 '랜선 레슨' 받는다
287,2021.01.21 17:48,"동부고속, 와이어드파트너스가 1400억에 인수"
288,2021.01.21 17:46,내달부터 열리는 주총…50명 이상 참석 가능
289,2021.01.21 17:45,대박의 추억…대한항공 직원들 '우리사주 부푼 꿈'
290,2021.01.21 17:44,"캐시 우드 아크인베스트 CEO ""올 美기업 실적 두 배 늘어날 것"""
291,2021.01.21 17:43,"네이버·카카오, 'FAANG' 따라 다시 날까"
292,2021.01.21 17:43,"한국 덕에…日, 3년 만에 무역흑자"
293,2021.01.21 17:40,"국방부 ""전작권 조기 전환""·외교부 ""美·北 대화 중재""·통일부 ""南北 협력사업 확대"""
294,2021.01.21 17:38,올 들어 6.5조 내다 판 국민연금…코스피 상승 랠리에 제동
295,2021.01.21 17:38,"문 대통령 ""미국이 돌아왔다""…中 ""건전한 관계발전 촉진을"""
296,2021.01.21 17:37,"바이든 ""많은 동맹국 정상과 통화할 것…첫 상대는 캐나다"""
297,2021.01.21 17:36,"의회 폭동 그 자리에 선 바이든…""민주주의"" ""통합"" 11번씩 외쳤다"
298,2021.01.21 17:36,"유튜버 박현주의 투자조언 ""혁신산업 분산투자, 글로벌 ETF가 답"""
299,2021.01.21 17:35,"전기車·그린으로 변신하는 LG그룹, 올해만 시총 26조 늘었다"
300,2021.01.21 17:34,"""중국 시장이 살아나고 있다""…주목해야 할 中 관련주는?"
301,2021.01.21 17:34,달리는 글로벌 증시 'M·C·N'으로 통한다
302,2021.01.21 17:29,연 이자율 400%…불법사채 덫에 빠진 '코로나 빈민'
303,2021.01.21 17:25,한국GM '초유의 사태'…손톱만 한 반도체 때문에 공장 멈춘다
304,2021.01.21 17:23,"정부 ""5인 이상 모임금지 피로도 커져"""
305,2021.01.21 17:21,"배당 줄여 코로나 충격 대비하라더니…은행권 ""주주가치 훼손, 경영진 배임죄 우려"""
306,2021.01.21 17:21,"바이든, 장관급 1명으로 시작…내각 인준 늦어 무더기 '대행 체제'"
307,2021.01.21 17:21,파리협약 복귀하고 反이민 철회…첫날부터 '트럼프 상징' 지웠다
308,2021.01.21 17:20,"임신부 포함 젊은 여성 23명에 ""침 퉤퉤""…20대男 집행유예"
309,2021.01.21 17:20,"'거래액 1.4조' 무신사, 온라인 평정하고 유럽·日 시장 출사표"
310,2021.01.21 17:19,"홈앤쇼핑, 방송 관련 전공 대학생에 '홈앤스마일' 장학금 지원"
311,2021.01.21 17:19,"삼화페인트, 지난해 영업이익 150억원…33.5% 증가"
312,2021.01.21 17:19,'집콕족' 늘자 몸집 커진 환기시스템 시장
313,2021.01.21 17:18,"휴맥스, '주차장관리 2위' AJ파크 인수 추진"
314,2021.01.21 17:18,"""자영업 손실보상 저항 말라"" 기재부 질타한 정세균"
315,2021.01.21 17:18,"SK바이오사이언스, 코로나 백신 국내유통 맡는다"
316,2021.01.21 17:16,무착륙 비행기에서 '가요 콘서트'
317,2021.01.21 17:14,'강다니엘 미스트' 뭐길래…마스크에 지친 여성들 사로잡았다
318,2021.01.21 17:10,삼성 갤럭시S21 흥행 조짐…'자급제폰 예약' 3배 넘었다
319,2021.01.21 17:09,[알립니다] 최기영 장관 초청 한경 밀레니엄포럼
320,2021.01.21 16:54,"한교총 ""한국교회가 팬데믹 시대 '찬란한 바보' 되겠다"""
321,2021.01.21 16:53,"강원래 향한 '친문' 공격에 원희룡 ""이런 폭력이 '양념'?"""
322,2021.01.21 16:48,"정 총리 ""韓기업 '백신 냉장고' 자랑스러워…공급 준비 박차"""
323,2021.01.21 16:47,1분당 4000원 '요금 폭탄'…남태평양서 걸려온 스팸전화
324,2021.01.21 16:45,"전광훈 ""강경화 잘린 것 北 지시""…관계자들 손뼉치며 ""아멘"""
325,2021.01.21 16:38,"2년여만에 NSC 직접 주재한 文, 바이든 정부와 '코드' 맞추기"
326,2021.01.21 16:33,올 들어 6.5조 내던진 국민연금…국내주식 비중 축소 놓고 논란
327,2021.01.21 16:24,"""성역 없이 수사하겠다""…김진욱 공수처장 온라인 취임식[종합]"
328,2021.01.21 16:11,작년 스팸발신 1위 국가는 남태평양 '사모아'
329,2021.01.21 16:05,"외교부 ""이란 요구 의약품·코로나 진단키트 조만간 제공"""
330,2021.01.21 16:01,곳간 지키라더니 이젠 이익 나누라고?…은행권 '부글부글'
331,2021.01.21 15:55,후끈 달아오른 환기시스템 시장…보일러·가전에 이어 건자재업체까지 뛰어들어
332,2021.01.21 15:38,"설 연휴 전 백신 접종 이뤄지나…""전국 접종센터 250곳 지정"""
333,2021.01.21 15:33,"한국 덕분에…일본, 수출 급감에도 3년 만에 '무역흑자' [정영효의 일본산업 분석]"
334,2021.01.21 15:33,쏟아지는 소외종목…수급불안 없는 알짜株 찾아라
335,2021.01.21 15:29,끊임없는 혁신과 차별화…고객만족 넘어 감동을 전하다
336,2021.01.21 15:29,"""기업 경영환경 급변해도 고객감동경영 가치 여전"""
337,2021.01.21 15:27,"KB증권, '비대면 고객'에게 자산관리 서비스 제공"
338,2021.01.21 15:24,"경희사이버대, 사이버대 비학위과정 클라우드 플랫폼 첫 도입"
339,2021.01.21 15:24,"日 'Nippon Steel', 경기 회복의 훈풍속 주가 상승 전망"
340,2021.01.21 15:22,"씨젠의료재단, 분자진단 '원데이 검사 시스템' 도입"
341,2021.01.21 15:20,"SCL, 해외 의료기관에 코로나 검체분석 기술 전수"
342,2021.01.21 15:16,"블루원 골프장, 코로나 시대의 '안전 대명사'"
343,2021.01.21 15:13,"월가 ""올해 美 소형주 강세…바이든 영향"""
344,2021.01.21 15:10,"셀트리온 코로나19 치료제, 27일 2차 자문결과 발표"
345,2021.01.21 15:09,"홍대개미 ""덮밥 한그릇도 감동 줄 수 있게 만든다"""
346,2021.01.21 15:06,"[단독] ""네이버·카카오·배민 들어와라"" 불렀다가 퇴짜 맞은 與"
347,2021.01.21 15:05,"멥스인터내셔널코리아, 온라인 전시관 등 열어 '비대면 MICE' 서비스"
348,2021.01.21 15:05,"굿라이프치과병원, 코로나 철통 예방…환자에게 믿음 주는 치과"
349,2021.01.21 14:59,"비니앤컴퍼니, 피부 예민한 아이도 쓸 수 있는 친환경 기저귀"
350,2021.01.21 14:55,"위메프오 ""픽업 주문은 중개수수료 없다"""
351,2021.01.21 14:53,"""미국이 돌아왔다""…세계 정상들, 바이든 대통령에 축하 인사"
352,2021.01.21 14:48,"SK바이오사이언스, 코로나 백신 유통·콜드체인 구축 맡는다"
353,2021.01.21 14:47,국내 첫 코로나 백신 화이자 될 듯…이달 안에 허가 신청
354,2021.01.21 14:24,17명 가족모임 했다가 11명 무더기 확진…과태료 부과 검토
355,2021.01.21 14:16,"""삼성전자보다 많이 뛰었네""…1년새 가격 67% 오른 과일은?"
356,2021.01.21 14:04,대한항공 우리사주 '대박의 추억'…이번에도 잭팟 터트리나
357,2021.01.21 14:03,"KT엠모바일, 알뜰폰 2000원대 초저가 요금제 출시"
358,2021.01.21 13:59,"유튜버 한소영, 문재인 시계 선물받고 인증샷"
359,2021.01.21 13:57,"롯데건설, 중산층용 실버주택 '3가지' 평면 개발"
360,2021.01.21 13:50,"""치명적 약점을 기회로""…CU, 라이벌 편의점 잡을 방법 [박동휘의 컨슈머 리포트]"
361,2021.01.21 13:32,"권덕철 ""일률적 거리두기, 피로 커져…행위 따라 규제 세분화"""
362,2021.01.21 13:18,"호반그룹, 80개 협력사에 70억원 포상"
363,2021.01.21 12:57,"바인그룹, 2021년 비대면 시무식 개최"
364,2021.01.21 12:25,"RBC ""증세 이슈 불거지면 상반기 큰 조정 올 수도"""
365,2021.01.21 12:04,이머징마켓·원유에 상승 잠재력 있는 이유 [독점 UBS리포트]
366,2021.01.21 12:00,성인 40% '평생교육' 수강…코로나 여파 1인당 교육비 12만원 줄어
367,2021.01.21 11:52,"르노삼성, 임단협 재교섭 앞두고 8년 만에 희망퇴직 단행"
368,2021.01.21 11:47,"매장서 못 마시면 홈카페로…스타벅스, 원두 동났다"
369,2021.01.21 11:44,"정세균 ""자영업자 손실 지원 필요성 공감…기재부 나서라"""
370,2021.01.21 11:42,"유승민, 이재명 겨냥 ""전도민 10만원 지급 '매표행위' 멈추라"" [전문]"
371,2021.01.21 11:26,"중견련, 해외 출입국 애로 해소 지원 서비스"
372,2021.01.21 11:26,"뮤지컬업계 ""공연장 감염전파 '0%'…동반자만이라도 같이 앉게 해달라"""
373,2021.01.21 11:12,"롯데, 계열사간 단기파견제 도입…마트 직원 로지스 지원한다"
374,2021.01.21 10:58,"[한상춘의 세계경제 읽기] 바이든-포스트 코로나 시대 원년, 2021년 세계와 한국 경제 전망"
375,2021.01.21 10:57,"캐시우드 ""올해 美기업 수익 폭발적 증가…V자 회복 기대"""
376,2021.01.21 10:55,한올바이오파마 “올 2분기 안구건조증 3-2·3상 신청 계획”
377,2021.01.21 10:47,집콕하며 스타벅스 한잔…원두 판매 33% 증가
378,2021.01.21 10:46,"[마켓인사이트]메리츠대체, 미국 멀티패밀리 부동산에 1656억원 추가 투자‥ 2년간 3300억원 투자"
379,2021.01.21 10:37,10개월 수익률 100%…나스닥보다 더 뛴 '러셀2000' 투자법 [나수지의 쇼미더재테크]
380,2021.01.21 10:37,"진원생명과학, 코로나19 백신 1상 고용량군 등록 시작"
381,2021.01.21 10:36,"""도심 속 휴식처이자 안식처"" … e편한세상 드림하우스에서 실현한 꿈의 공간 눈길"
382,2021.01.21 10:33,"""무착륙 비행기 안에서 트로트 공연 즐기세요"""
383,2021.01.21 10:32,"[마켓인사이트]케펠운용, “모기업 블라인드 펀드 바탕으로 연내 운용자산 1조원 늘리겠다”"
384,2021.01.21 10:27,"[마켓인사이트]이스타항공 뒤늦은 법정관리 신청 배경엔..""원매자들이 요구"""
385,2021.01.21 10:21,"김여정 비난에 강경화 교체? 野 ""하명 인사"" vs 靑 ""억지 주장"""
386,2021.01.21 10:19,"차백신연구소, 특례상장 위한 기술성평가 신청 완료"
387,2021.01.21 10:11,"초중고 0.9% ""학교 폭력 피해""…사이버폭력·집단따돌림 늘어"
388,2021.01.21 10:03,"안철수 ""코로나가 야행성? 밤 9시 가게 문 닫기 그만해야"""
389,2021.01.21 09:57,코로나19 신규확진 401명…3주째 완만한 감소세 이어가[종합]
390,2021.01.21 09:49,"정청래 ""이재용 애국지사? 삼성, 죄 짓고도 감옥 가면 안되나"""
391,2021.01.21 09:41,진성·박현빈 공연을 기내서…디너쇼 못지않은 '관광비행'
392,2021.01.21 09:35,"[마켓인사이트]코스닥 상장사 골드퍼시픽, 타법인 증권 취득 위해 사모 회사채 발행"
393,2021.01.21 09:31,[속보] 코로나19 신규확진 401명…이틀 연속 400명대 유지
394,2021.01.21 09:15,"[속보] 文, 바이든 美 대통령에 축전 ""언제나 함께 하겠다"""
395,2021.01.21 09:13,"방역조치 위반 과태료, 김어준은 10만원·카페 업주는 150만원"
396,2021.01.21 08:56,"""토익보다 부동산 공부""…청약통장 들고 양평 몰려간 20대들"
397,2021.01.21 08:51,"항공사 저주 계속되나…美유나이티드, 15년만에 최대 손실"
398,2021.01.21 08:45,"식약처, 유바이오로직스 코로나 백신 임상 1·2상 승인"
399,2021.01.21 08:41,'최고의 와인'이란 '맛있는 와인'을 찾아가는 여정 [박동휘의 와인 산책]
400,2021.01.21 08:33,"“대원제약, 올해 성장세 회복…CMO 등 매출 구조 다각화”"
401,2021.01.21 08:32,"이재용, 재수감 후 첫 입장 ""준법위 활동 계속 지원하겠다"""
402,2021.01.21 08:05,기술주 vs 경기민감주…지금 뭘 사야하나 [김현석의 월스트리트나우]
403,2021.01.21 08:01,긴급사태 효과 없나…日 코로나19 신규 확진자 5500명
404,2021.01.21 08:01,"""대형주 너무 비싸다고? 삼성전자·현대차 아직도 저평가"" [머니톡]"
405,2021.01.21 07:38,"백신 공급 차질에 뿔난 이탈리아, 화이자에 법적 대응 시사"
406,2021.01.21 07:31,코로나가 휩쓴 2020년…선호 여행지는 어떻게 바뀌었나
407,2021.01.21 07:31,"뉴욕증시, 바이든 취임에 3대 지수 '축포'…넷플릭스 17% 뛰어"
408,2021.01.21 07:30,"무디스 평가에 환호한 與 vs 野 ""고용 참사에도 자화자찬"" [여의도 브리핑]"
409,2021.01.21 07:28,"영국, 코로나19 일일 사망자 2000명 육박…또 역대 최다"
410,2021.01.21 07:27,약정 없는 자급제 '갤럭시S21' 인기…비중 30%로 늘어
411,2021.01.21 07:24,"[속보]바이든, 파리기후협약·세계보건기구 복귀에 서명"
412,2021.01.21 06:21,"""모든 미국인의 대통령 되겠다""…'통합' 약속한 바이든"
413,2021.01.21 06:18,'바이든 시대' 첫 날 축포 쏜 뉴욕증시…첫 행정명령은?
414,2021.01.21 06:03,"[속보] 바이든, 백악관 도착…곧 첫 업무 시작"
415,2021.01.21 03:16,"바이든, 美대통령 공식 취임…""통합 없이 평화 없다"" [종합]"
416,2021.01.21 02:54,"바이든 취임 당일, 연방대법원 폭파 위협…위험물 발견 안돼"
417,2021.01.21 02:49,"옐런 재무장관 후보자 ""법인세 인상, 지금은 안돼"""
418,2021.01.21 02:34,"유아인 전액기부, 기아 문제 해결 위해 모델료 쾌척 [공식]"
419,2021.01.21 02:28,"바이든 ""어두운 겨울 임기 시작""…통합·치유 행보 '첫발'"
420,2021.01.21 02:28,"""내 모든 영혼 미국 통합에 있어""…바이든, 분열 극복 호소"
421,2021.01.21 02:14,'바이든 시대' 열렸다…제46대 미국 대통령 공식 취임
422,2021.01.21 01:53,"""텅 빈 채 깃발만 가득""…삼엄 경비속 바이든 취임식 열려"
423,2021.01.20 23:25,"골드만삭스 ""조정 받겠지만 약세장 돌입 아냐…저가매수 기회"""
424,2021.01.20 23:08,이틀 연속 400명 안팎 예상…오후 9시까지 전국 신규확진 368명
425,2021.01.20 22:29,"김광두 ""이재명, 재난기본소득 줄 돈으로 코로나 청정지역 만드는 게 더 좋지 않나"""
426,2021.01.20 22:02,"中, 1500만명 백신 접종 와중에…베이징 '영국발 변이' 유입 초긴장"
427,2021.01.20 21:01,"정총리 ""제도개선 없이 공매도 재개는 바람직하지 않아"""
428,2021.01.20 20:49,"""5명 있었다""던 김어준…실제론 7명 모여 과태료 10만원"
429,2021.01.20 20:20,"""화이자 백신, 영국발 변이 코로나19에도 효과 있다"""
430,2021.01.20 19:34,"정의선, 내주 초 싱가포르 간다"
431,2021.01.20 19:27,막내린 CES쇼...올해 6대 키워드는
432,2021.01.20 19:22,"민주당 '코로나 이익공유제' 윤곽…""5000억 사회연대기금 조성"""
433,2021.01.20 19:15,"강경화 교체에…조태용 ""김여정 부부장의 '하명 해고'"""
434,2021.01.20 19:04,"넷플릭스, 시간 외 거래서 급등…""전분기 실적 예상 밖 선전"""
435,2021.01.20 19:01,감소세 접어들었나…오후 6시까지 전국서 323명 신규확진
436,2021.01.20 18:49,"재닛 옐런 ""中, 끔찍한 인권 침해국가…불공정·불법에 맞서 싸우겠다"""
437,2021.01.20 18:45,오후 6시까지 서울서 108명 신규 확진…누적 2만2976명
438,2021.01.20 18:33,"토스, 3월까지 330명 공채...'1억 스톡옵션'도 지급"
439,2021.01.20 18:19,5급 공채 재경직 수석의 멘탈 관리법...'주1회 봉사활동'
440,2021.01.20 18:08,"동국제강 이공계 장학생 15명 선발...평균학점 3.8점, 경쟁률 7대1"
441,2021.01.20 18:03,"달라진 언론사 채용...선배와 동행 취재, TED보고 인터뷰 기사작성"
442,2021.01.20 18:00,"""코로나 손 쉽게 잡는다""…엘티전자, '휴대용 살균기' 출시"
443,2021.01.20 17:53,서울~부산 20분 만에 주파…'하이퍼튜브' 공들이는 경남
444,2021.01.20 17:52,"""부산, 바이든 시대 맞춰 친환경 전환 서둘러야"""
445,2021.01.20 17:52,대구 도심 마지막 첨단 산단…'금호워터폴리스' 내달 분양
446,2021.01.20 17:49,"""AI·SW 인재 5년내 10만명 키울 것"""
447,2021.01.20 17:49,[천자 칼럼] '차카게 살자'
448,2021.01.20 17:48,[사설] 이자도 신용대출도 통제…'금융공개념' 하자는 건가
449,2021.01.20 17:47,"A380타고 무착륙 해외여행…아시아나, 한달 만에 재개"
450,2021.01.20 17:45,[방문석의 메디토크] 코로나 팬데믹에 드러난 국제 보건역학
451,2021.01.20 17:43,[김효근의 미학경영] 기술미학 넘어 예술사회로
452,2021.01.20 17:40,"[단독] 롯데케미칼, 日 JSR 합성고무 사업 인수 추진"
453,2021.01.20 17:40,"국민의힘 서울시장 후보들 ""박원순 10년 서울은 멈춰 있었다"""
454,2021.01.20 17:39,"국세청, 대한항공 특별 세무조사…상속세 관련 추정"
455,2021.01.20 17:39,이광수 한국미술협회 신임 이사장
456,2021.01.20 17:38,"하이투자증권, 코로나 종식 기원 성금"
457,2021.01.20 17:37,"쌍용양회, 지역상생기금 50억 동해시에 기부"
458,2021.01.20 17:36,'따따블' 불러도 못 구하는 벌크선…中 때문에 기업들 속탄다
459,2021.01.20 17:34,"中 '원자재 블랙홀'에 운임 치솟아…""벌크선 웃돈 4배 줘도 못 구해"""
460,2021.01.20 17:33,[포토] 문재인 대통령 “백신 추가 확보…SK에 감사”
461,2021.01.20 17:33,배에 못 실으니…항공 화물운임도 '고공행진'
462,2021.01.20 17:31,넷플릭스 유료 구독자 2억 넘었다…아·태 지역 가파른 성장세
463,2021.01.20 17:28,일자리 없어 임금 분쟁은 줄었는데…재택근무 때문에 '골치'
464,2021.01.20 17:28,"동부구치소 재소자들, 추미애 장관에 손배소"
465,2021.01.20 17:28,박근혜 '코로나 음성'…서울성모병원서 격리
466,2021.01.20 17:28,[포토] 코로나 국내 확진 1년…싸움은 계속된다
467,2021.01.20 17:26,강희석이 쏜 '세 개의 화살' 적중…이마트 매출 15조 넘었다
468,2021.01.20 17:26,"인천, 소상공인 '핀셋지원'…경기도와 다른 길 간다"
469,2021.01.20 17:25,코로나 뚫고…충남 '기업유치' 충북 '수출' 선방
470,2021.01.20 17:24,"문 대통령 ""백신 2000만명분 추가확보…내년부터 국산 백신 접종 가능"""
471,2021.01.20 17:24,"[단독] 박찬구 회장, '금호家 마지막 매물' 아시아나CC 품는다"
472,2021.01.20 17:23,"""주식 계좌 이렇게 채워라""…투자대회 챔피언의 '꿀팁'"
473,2021.01.20 17:21,"씨에스윈드, 유상증자도 순항할까"
474,2021.01.20 17:21,[포토] 코로나 희생자 추모하는 붉은빛
475,2021.01.20 17:21,코로나도 뚫은 신세계의 '비밀 병기' [박동휘의 컨슈머 리포트]
476,2021.01.20 17:20,"日 게이단렌, 업종별 임금인상 지침 없앴다"
477,2021.01.20 17:20,"지코, 법정관리 반년 만에 매물로"
478,2021.01.20 17:20,석 달 만에…'실종설' 마윈이 나타났다
479,2021.01.20 17:18,'자영업 손실보상법'에 기재부 난색
480,2021.01.20 17:14,美 유학 대신 택한 해녀 사랑…제주 출신 창업가의 성공 비결
481,2021.01.20 17:13,전자동 현장 분자진단 플랫폼 특허 획득
482,2021.01.20 17:13,"비트코인 가격 사상 최고가에…""반도체株 다시 뜬다"""
483,2021.01.20 17:13,"코로나 백신효과 확인 키트…바디텍메드, 수출허가 획득"
484,2021.01.20 17:12,코로나 발판 삼아 '퀀텀점프'…작년 '매출 1조 클럽' 첫 10곳 넘었다
485,2021.01.20 17:12,"김형주 대표 ""100% 친환경 현수막 원단 개발…땅 속에서 6개월 지나면 분해"""
486,2021.01.20 17:11,'집밥족' 급증에…전기레인지 판매 '불티'
487,2021.01.20 17:11,코로나19 1년 되는 날
488,2021.01.20 17:10,설 선물세트도 'ESG'가 대세
489,2021.01.20 17:09,"하나은행, 5억유로 소셜 커버드본드…시중은행 첫 '마이너스 금리' 발행"
490,2021.01.20 17:08,증권·보험사 외화건전성도 매월 점검한다
491,2021.01.20 16:58,"질병청 ""아스트라제네카 1분기 공급…코백스 백신은 미확정"""
492,2021.01.20 16:51,"이시영 학대피해 아동에 기부 ""아이 키우며 정인이 사건 더 마음 아파"""
493,2021.01.20 16:27,[단독] 사랑의열매 모금액 3545억…4년 만에 목표 조기 달성
494,2021.01.20 16:17,"경기도, 2차 재난기본소득 지급 결정…""시기는 심사숙고"""
495,2021.01.20 16:08,'실종설' 석달 만에 모습 드러낸 마윈…알리바바 주가 급등 [강현우의 중국주식 분석]
496,2021.01.20 16:05,'성폭행 혐의' 조재범 전 쇼트트랙 국가대표 코치 선고 앞둬
497,2021.01.20 15:59,"[마켓인사이트]자본적정성 관리 부담 커진 롯데손해보험…""항공기 자산 손실 주목"""
498,2021.01.20 15:56,"[마켓인사이트]라이프시맨틱스, 증권신고서 제출… IPO 본격 돌입"
499,2021.01.20 15:53,"하이투자증권, 코로나19 종식기원 WM 수익금 내놨다"
500,2021.01.20 15:47,[김은정의 기업워치]자동차 업황 부진에도 수익성 끌어올리는 세아창원특수강
501,2021.01.20 15:46,"쿠팡 ""고용·자동화설비 투자…물류센터 업무강도 낮췄다"""
502,2021.01.20 15:44,"박근혜, 코로나 검사 결과 '음성'…그래도 2주 격리된다"
503,2021.01.20 15:41,"돌고 돌아 전문성 없는 황희…사람 없는 文, 레임덕 시작됐나"
504,2021.01.20 15:41,코로나 불황의 역설…작년 근로기준법 위반 사건 크게 줄었다
505,2021.01.20 15:38,"""적벽가 들으며 조선왕실 군 기개 느껴보세요"""
506,2021.01.20 15:30,일본 '유턴기업' 보조금제 손본다…韓 반도체도 타깃 [정영효의 일본산업 분석]
507,2021.01.20 15:30,"동부구치소 재소자·가족, 추미애에 손해배상 청구"
508,2021.01.20 15:21,"e편한세상 부평 그랑힐스, 청약경쟁률 최고 75 대 1…총 5050가구"
509,2021.01.20 15:07,"쌍용양회, 지역상생기금 50억 동해시에 기부"
510,2021.01.20 15:07,"이재용 방 썼던 수감자 ""CCTV 감시, 화장실 칸막이도 없어"""
511,2021.01.20 15:07,하나은행 '플랫폼·글로벌·ESG' 3대축으로 혁신금융 선도
512,2021.01.20 15:05,"하나금융지주, 年 7%대 이익 증가율 지속…은행 이자수익도 늘어날 듯"
513,2021.01.20 15:04,'코로나 충당금' 등 선제집행·순이자마진 회복…눈에 띄는 실적개선 기대
514,2021.01.20 15:01,"하나은행, 소외계층 위한 '행복상자' '모두하나데이'로 사회공헌"
515,2021.01.20 14:57,"[인터뷰] 장윤주 ""온 마음 다한 '세자매', 연기에 자신감 생겼죠"" ①"
516,2021.01.20 14:39,"[속보] 질병청 ""아스트라제네카 백신 1분기 도입 차질 없다"""
517,2021.01.20 14:26,"제46대 美대통령 취임하는 바이든, 첫날부터 행정명령 발동"
518,2021.01.20 14:26,"[법알못] 화장실 간 사이 ""미친X"" 손님 뒷담화하다 딱 걸린 식당"
519,2021.01.20 14:22,"문 대통령 ""내달 백신과 치료제 사용, 봄 앞당겨 줄 것"""
520,2021.01.20 14:10,"日 게이단렌 ""올해 춘투, 개별기업 형편따라"" [정영효의 일본산업 분석]"
521,2021.01.20 14:08,"文 ""2000만명분 추가 확보…자체개발 백신도 내년부터 접종"""
522,2021.01.20 14:05,"부산기업, 바이든 시대 친환경,2차전지 사업에 기회"
523,2021.01.20 13:59,[포토] 영화 '간이역' 코로나 뚫고 대박 위해
524,2021.01.20 13:56,올해 설은 고속도로 '공짜' 없다…KTX는 좌석 50%만 판매
525,2021.01.20 13:47,"文 대통령, 임기말 인적 쇄신…靑 출신·친문의원 발탁"
526,2021.01.20 13:40,한국미술협회 새 이사장에 이광수 한국미술포럼 대표
527,2021.01.20 13:37,달리는 택시 안에서 '코로나 전파' 막으려면…깜짝 결과
528,2021.01.20 13:29,"이통사 ""갤럭시S21 사전 판매량 전작과 비슷할 전망"""
529,2021.01.20 13:24,"코로나19 이후 꼬마빌딩시장...강남 공실은 더 줄고, 강북공실은 확 늘고"
530,2021.01.20 13:19,"이태원 찾아 강원래 만난 안철수 ""거리두기 재편 절실"" [현장+]"
531,2021.01.20 12:51,"박영선 ""모든 것 내려놓고 광야로 떠난다"""
532,2021.01.20 12:35,[속보] 박근혜 전 대통령 코로나19 검사결과 '음성'
533,2021.01.20 12:24,"문 대통령 ""SK 계약으로 2000만명분 백신 추가 확보"""
534,2021.01.20 12:01,"""문화체육과 무슨 상관?"" 황희 장관 내정에 문화계 '당혹'"
535,2021.01.20 11:55,"바이든 1호 정상회담 공들인 스가 계획 수포…""미국이 신중"""
536,2021.01.20 11:55,김여정이 콕 찍어 비판 한 달 후 최장수 장관 강경화 교체
537,2021.01.20 11:51,"'집단감염' 동부구치소 재소자·가족, 추미애에 손해배상 청구"
538,2021.01.20 11:41,"이재명 ""경기도민 10만원씩 재난기본소득 지급…무리 없다"""
539,2021.01.20 11:38,"한국비엔씨 “코로나19 치료제, DMC서 임상 지속 권고”"
540,2021.01.20 11:35,"[속보]""5인이상 집합금지 폐지, 3차유행 감소세 평가 후 검토"""
541,2021.01.20 11:30,"나노엔텍, 이탈리아에 코로나19 항원진단키트 추가 공급"
542,2021.01.20 11:30,"""혀 부어올라""…한국도 구매한 모더나 백신 美서 집단 부작용"
543,2021.01.20 11:28,"""비행기 타고 싶어""…4분에 1개씩 팔린 기내식 간편식"
544,2021.01.20 11:23,미 달러화 가치의 하락이 불가피한 이유[독점 UBS리포트]
545,2021.01.20 11:15,"[마켓인사이트]씨앤투스성진, 수요예측 흥행 행렬 동참... 공모가 상단 확정"
546,2021.01.20 11:14,"[마켓인사이트]에너지산업 M&A 역대 최저→폭발적 증가... ""사업 재편 본격화"""
547,2021.01.20 11:14,[마켓인사이트]LG헬로비전 수요예측에 1조1900억원 주문 몰려
548,2021.01.20 11:13,"""대출조인 탓, 돈 빌릴 데 없는데""...불법사채금리 평균 이자율 연 145%→401% 껑충"
549,2021.01.20 11:13,"[마켓인사이트]식지 않는 공모주 열기... 모비릭스, 수요예측 경쟁률 1408 대 1"
550,2021.01.20 11:10,강경화 'K5' 물거품…文정부 최장수 장관 물러난다
551,2021.01.20 11:06,"조세연구원 ""증권거래세 낮추면 동학개미가 더 피해"""
552,2021.01.20 11:01,文 개각 단행…박영선 '서울시장 출마' 임박
553,2021.01.20 11:00,농가소득 4310만원인데…농사로 번 돈은 고작 1200만원
554,2021.01.20 10:57,"3개 부처 개각…최장수 강경화 교체, 박영선 출마길 열려 [종합]"
555,2021.01.20 10:55,"박근혜, 코로나 확진자와 밀접접촉…오늘 PCR 검사 받는다[종합]"
556,2021.01.20 10:54,중기장관 내정 권칠승 누구…여당 내 대표적 '중소기업통'
557,2021.01.20 10:52,"하나은행, 5억유로 소셜커버드본드 발행…시중은행 사상 첫 마이너스 금리 조달"
558,2021.01.20 10:52,"여당 내 최대 친문모임 이끄는 황희, 문체부 장관으로"
559,2021.01.20 10:41,"홍남기 ""1147억 근로·자녀장려금, 설 전 지급…기부세액공제도 확대"""
560,2021.01.20 10:27,가입자 2억명 돌파한 넷플릭스…3년 만에 2배 성장
561,2021.01.20 10:27,"박근혜, 코로나 확진자와 밀접접촉…오늘 검사 예정"
562,2021.01.20 10:24,"한정애 ""탄소중립 위한 명료한 비전 제시할 것"" [전문]"
563,2021.01.20 10:23,"[속보] 박근혜, 코로나 확진자와 밀접접촉…오늘 검사 받는다"
564,2021.01.20 10:22,"집콕 효과…CJ오쇼핑, 작년 T커머스 식품 주문액 8배 '급증'"
565,2021.01.20 10:12,"""고객 정보는 자기 것이라는 착각이 이루다 사건 초래"" [신현보의 데이터人]"
566,2021.01.20 10:06,"바이오니아, 전자동 현장 분자진단 플랫폼 국내 특허 취득"
567,2021.01.20 10:05,"정총리 ""내달 초 백신 5만명분 도착…의료진에 접종 시작"""
568,2021.01.20 10:02,"루게릭병 치료제 '뉴로나타-알주', 美 응급임상 첫 투약 완료"
569,2021.01.20 09:51,[종합] 코로나19 신규확진 404명…18명 늘어 400명대로
570,2021.01.20 09:41,"이지케어텍, 日 병원과 175억원 병원정보시스템 구축 계약"
571,2021.01.20 09:40,"UBS, 펠로톤과 츄이에 '매도' 등급…""주가 너무 고평가"""
572,2021.01.20 09:35,"""금연하면 60만원""…작년 1억7000만원 받아갔다"
573,2021.01.20 09:34,"푸틴, 또 영하 20도에 야외 얼음물 입수…'건재 과시'"
574,2021.01.20 09:32,[속보] 코로나19 신규확진 404명…18명 늘어 400명대로
575,2021.01.20 09:29,중국산 백신의 '악몽'과 백신 선택권 [여기는 논설실]
576,2021.01.20 09:22,"상주시, 집단감염 BTJ열방센터 방문하고 검사 거부 43명 고발"
577,2021.01.20 09:14,"바디텍메드, 코로나 'S-protein' 특이항체 진단키트 수출 허가"
578,2021.01.20 08:55,"연일 토론회서 맞붙던 이재명-원희룡, 재난지원금 두고 충돌"
579,2021.01.20 08:51,"한미약품, 서브원과 코로나 신속항원진단키트 유통 협약"
580,2021.01.20 08:50,"[Cover Story - part.3] 엔지켐생명과학, '세포외 아데노신' 없애는 항암제 개발"
581,2021.01.20 08:18,"[속보] 박영선 장관, 사의 표명…서울시장 출마 선언할 듯"
582,2021.01.20 08:08,[김현석의 월스트리트나우] 옐런은 무시…달러 약세 베팅 지속된다
583,2021.01.20 07:51,골드만삭스 순이익 2배 뛰어…잇따른 IPO에 증시 랠리 덕
584,2021.01.20 07:45,코로나19 확산에 학원가 대출규모 '역대 최대'…빚으로 버틴다
585,2021.01.20 07:44,미국 코로나 누적 확진자 2400만…사망자 40만명 넘었다
586,2021.01.20 07:38,"방위비 협상 곧 마무리될까…美국방 지명자 ""조기 타결 추진"" [종합]"
587,2021.01.20 07:38,[뉴욕 실적] 美 최대 극장체인 AMC 주가 32% 급등
588,2021.01.20 07:38,"코로나19 1년, '3차 대유행' 정점 찍고 진정세…""안심할 수 없어"""
589,2021.01.20 07:34,"강행vs취소 기로 선 도쿄올림픽, 2032년 남북 공동 유치 도전에도 불똥"
590,2021.01.20 07:33,트럼프 임기중 평균 지지율 41%…美 역대 대통령중 최저
591,2021.01.20 07:30,"與 ""탄핵의 후예들, 망언 말라"" vs 野 ""文은 감성팔이뿐"" [여의도 브리핑]"
592,2021.01.20 07:19,"[뉴욕 실적] 넷플릭스 ""가입자 2억명 돌파""…주가 13% 급등"
593,2021.01.20 07:15,경기부양 필요성 강조에 상승…페이스북 3.87%↑[간밤 해외시황]
594,2021.01.20 07:01,"[모닝브리핑] 뉴욕증시, 옐런 경기부양 의지 확인에 상승…'대한' 낮에는 포근"
595,2021.01.20 06:52,"옐런 ""중국 불공정·불법 많아…모든 수단 동원해 싸울 것"""
596,2021.01.20 06:46,"옐런 ""경기부양 과감해야…약달러 추구 안해"""
597,2021.01.20 05:53,"월가 전문가들 ""비트코인·테슬라 거품…연내 반토막"""
598,2021.01.20 03:20,'투기적 환경'에서의 투자법 [독점 UBS리포트]
599,2021.01.19 23:17,내일 400명 안팎 예상…오후 9시까지 전국 신규확진 377명
600,2021.01.19 22:52,"'코로나 공포' 일본, 하루 사망자 100명 …신규 확진자는 5200명 넘어"
601,2021.01.19 22:47,"이낙연, 이재명 '재난지원금' 공개 비판…""왼쪽 깜빡이 켜고 우회전"""
602,2021.01.19 22:18,"러시아 ""두 번째 코로나 백신 면역효과 100%"" 주장"
603,2021.01.19 21:57,"'푸틴 정적' 나발니, 구치소서 30일간 구금 처분…SNS 통해 거리시위 '촉구'"
604,2021.01.19 21:20,日 코로나19 사망자 오늘만 100명 넘어…'역대 최다'
605,2021.01.19 20:52,"메르켈 총리, 전면봉쇄 연장 추진…""변이 바이러스 확산"""
606,2021.01.19 20:07,"tbs ""김어준 뉴스 공장, 5인 이상 모임…방역수칙 어겨 죄송"""
607,2021.01.19 19:35,코로나에도 오히려 공실 줄어든 강남 꼬마빌딩 시장 [집코노미TV]
608,2021.01.19 19:29,동부구치소서 영월교도소 이송된 수용자 1명 '확진'
609,2021.01.19 18:36,오후 6시 기준 신규 확진자 326명…수도권서 257명
610,2021.01.19 18:32,日 유니클로 또…외국인학교 마스크 지원 배제 '논란'
611,2021.01.19 18:10,"AI, 클라우드 인재 연봉 얼마나 줘야 할까?"
612,2021.01.19 18:10,"승진 또 승진, 전보 또 전보…매주 '방' 붙는 고용부에 무슨 일이"
613,2021.01.19 17:57,"강경화, 바이든 시대 앞두고 ""짧은 기간 내 호흡 맞출 것 기대"""
614,2021.01.19 17:48,"울산 '게놈 특구' 조성…""감염병 대응"""
615,2021.01.19 17:47,"은행들, 코로나로 주춤했던 글로벌 영업 박차"
616,2021.01.19 17:47,"새 도약 나선 부산 삼진어묵, 간편식 늘려 온라인몰 힘준다"
617,2021.01.19 17:46,"구자천 창원상의 회장 ""창원상의, 지역민과 동반성장하겠다"""
618,2021.01.19 17:45,"대구, 비대면 수출상담회 참여기업 모집"
619,2021.01.19 17:42,[사설] 은행 이자도 금지 ? 결국 팔 비틀기로 가는 이익공유제
620,2021.01.19 17:42,[시론] 사회통합 방해하는 야만적 국가정신
621,2021.01.19 17:41,공공기관 '묻지마 펀드 투자' 못한다
622,2021.01.19 17:40,"""세계시장 급변하는데…삼성은 방향타 잃어"""
623,2021.01.19 17:40,[장규호의 논점과 관점] '글로벌 표준' 공매도 포기 안 된다
624,2021.01.19 17:39,"이재용, 백신 확보하려 출국 준비했었다"
625,2021.01.19 17:37,[포토] 21일 새벽 바이든 美대통령 취임식 인파 대신 성조기 19만개만 빼곡
626,2021.01.19 17:33,'코로나 이익공유' 자율이라더니…만만한 은행 팔 비트는 與
627,2021.01.19 17:31,"""청소근로자 정년 70세 연장""…500개 단체 합심해 'LG 공격'"
628,2021.01.19 17:31,"""한국만 CEO에 과도한 형사책임…이재용 구속 유감"""
629,2021.01.19 17:29,"'이익공유' 강제하는 與…""은행, 이자 받지 말아야"""
630,2021.01.19 17:26,"""더 이상 밀리면 끝""…현대차·기아, 중국 사업 전략 싹 바꾼다"
631,2021.01.19 17:26,"'금리 年 3%' 1억 신용대출, 갚는 돈 月 25만원→180만원 된다"
632,2021.01.19 17:26,대선行 이낙연 3월 퇴임…몸푸는 與 당권후보들
633,2021.01.19 17:24,"그루비-스파이더아이앤씨, 쇼핑몰 구축 영업·기술 MOU 체결"
634,2021.01.19 17:21,"이현승 KB자산운용 대표 ""자산운용 본질은 위험 관리…묻고 또 물어라"""
635,2021.01.19 17:21,"바이든 ""통합"" 외쳤지만…트럼프 그림자 지우기 '가시밭길'"
636,2021.01.19 17:20,'제2의 신풍제약?' 한국파마 5일 연속 상한가
637,2021.01.19 17:19,"""풀린 돈 감안하면 주가 아직 고점 아니다"""
638,2021.01.19 17:19,농산물 설 선물한도 20만원 상향
639,2021.01.19 17:18,"KB금융, 사회복지공동모금회에 이웃사랑 성금 100억원 기부"
640,2021.01.19 17:18,국민경제자문회의 부의장에 이근 교수
641,2021.01.19 17:16,이마트 넘보는 하나로마트…사상 첫 '매출 10조원' 깜짝 돌파
642,2021.01.19 17:15,세계 3대 악기강국에서 내리막…'디지털 악기'로 부활 노린다
643,2021.01.19 17:14,"윤명철 동국대 명예교수 ""유라시아 대륙·해양 전체가 한민족 활약무대였다"""
644,2021.01.19 17:13,"풍림파마텍, 코로나 백신 주사기 月 1000만개 생산…삼성전자 지원으로 개발"
645,2021.01.19 17:11,"KB금융, 이웃사랑 성금 100억원"
646,2021.01.19 17:09,"송원문화재단, 이공계 학생들에 장학금 전달"
647,2021.01.19 17:07,"""美·유럽 경제, 늦여름부터 빠르게 회복 … 증시·부동산 활황 보일 것"""
648,2021.01.19 17:06,"""연방정부 백신 보급 너무 느려""…화이자와 직거래 나선 美 주지사들"
649,2021.01.19 17:06,"美 인기 주거지, 낮은 세금에 달렸다"
650,2021.01.19 17:05,"""원격·재택근무가 일본 내 저출산·고령화 문제 해소할 것"""
651,2021.01.19 17:01,"한국투자파트너스 황만순 대표 ""글로벌·대형화·PE로 영토 확장할 것"""
652,2021.01.19 16:54,금박두른 '해학반도도'…한 달 더 국민 곁에
653,2021.01.19 16:35,"""지금 미국 주식을 산다면…나이키·코닝 유망"""
654,2021.01.19 16:16,한국파마 5거래일 연속 상한가
655,2021.01.19 16:14,OTT 시대…웹툰·드라마株 재평가 시작됐다
656,2021.01.19 16:13,"'효능 논란' 계속되는데…中 ""우리 백신 없어서 못 판다"""
657,2021.01.19 16:04,"이란 ""선박 나포, 세계 어디서나 발생할 수 있는 사건"" 주장"
658,2021.01.19 16:01,"""경기도는 무차별""…원희룡, 재난지원금 두고 이재명 '저격'[이슈+]"
659,2021.01.19 16:00,"이재명 저격한 원희룡 ""경기도는 '무차별', 제주도는 '맞춤형'"" [전문]"
660,2021.01.19 15:58,'원격근무·재택전문직' 등 다양하게 진화하는 일본 재택근무 [정영효의 일본산업 분석]
661,2021.01.19 15:57,스틱커피로 만나는 폴 바셋 시그니처 블렌드
662,2021.01.19 15:48,"넷플릭스, 지난해 한국서 5000억 넘게 벌었다…'역대 최대'"
663,2021.01.19 15:43,코로나에 국제선 '올스톱'…제주공항 연간 이용객 1000만명 '뚝'
664,2021.01.19 15:39,아이 책상·부모님 안마의자…'이름값' 하는 中企 제품으로 바꿔볼까
665,2021.01.19 15:36,"박영선 중소벤처기업부 장관 ""프로토콜 경제 활성화하겠다"""
666,2021.01.19 15:36,취준생 돕는 삼성…청년SW아카데미 5기 입학식 개최
667,2021.01.19 15:32,"옐런 ""금리 낮을 때 크게 행동해야""…의회에 부양책 통과 설득"
668,2021.01.19 15:31,"바디프랜드, 부모님 '명절선물 로망'…안마의자로 효도하세요"
669,2021.01.19 15:30,한샘 '조이S 컴팩트 매직데스크'…우리 아이 첫 책상에 딱이네
670,2021.01.19 15:29,"창호시공업체 케스코 ""올해부터 AS 20년 보장"""
671,2021.01.19 15:27,"당국 ""지난주 코로나 확진자 최근 가장 크게 감소…29%↓"""
672,2021.01.19 15:25,"""반도체 수퍼사이클 왔는데…한국은 이재용을 감옥에 보냈다"""
673,2021.01.19 15:25,"제노헬릭스, 정확한 체외진단 기술로 난치성 질환 조기 발견"
674,2021.01.19 15:21,작년 중소기업 수출 0.2%↓로 선방…진단키트·BTS가 '효자'
675,2021.01.19 15:18,"대구가톨릭대 에너지인력양성센터, 수준 높은 비대면 교육 '정평'"
676,2021.01.19 15:17,"""한 때 세계 3대 악기대국이…"" 수출 25년 만에 3분의 1토막"
677,2021.01.19 15:13,"정부, 아이돌봄 지원 시간 年 720 → 840시간 확대"
678,2021.01.19 15:11,"인천으로 몰리는 주택실수요자, '주안 센트럴팰리스' 주목"
679,2021.01.19 15:06,"[단독] ""이재용, 코로나 백신 확보 위해 출국 앞두고 있었다"""
680,2021.01.19 15:05,"부평 캐슬&더샵 퍼스트, 전타입 1순위 마감 돌풍"
681,2021.01.19 15:00,"기준금리 0.5% 동결! 제로금리 시대, 최고의 투자처 선점해 볼까?"
682,2021.01.19 15:00,"""S&P500 지수, 예상 밖 강세 보일 것"""
683,2021.01.19 14:54,"전주 찾은 전광훈 목사 ""전라도 사람들 정신 차려야 한다"""
684,2021.01.19 14:52,연방정부 '패싱'…코로나 백신 직접구매 나선 美 주지사들
685,2021.01.19 14:47,"'진격의 두꺼비'…두껍상회, 서울 이어 부산·대구서 연다"
686,2021.01.19 14:42,"롯데건설, 우수파트너사에 새해 선물로 '커피머신' 지급"
687,2021.01.19 14:20,[속보] 28일까지 영국발 항공편 운항 중단…1주일 연장
688,2021.01.19 14:19,"JP모간 ""Fed 테이퍼링…미 금리 내년 2%까지 오를 것"""
689,2021.01.19 14:18,"주한美상의 회장 ""이재용 판결 유감…이제 총수 구속 없을 것"""
690,2021.01.19 14:18,"[속보] 당국 ""1주만에 확진자 29%↓…최근 가장 큰 감소"""
691,2021.01.19 14:16,"김태순 신테카바이오 사장, 자사주 1만5000주 추가 매입"
692,2021.01.19 14:10,삼성 덕에 '코로나 백신 주사기' 뚝딱…한 달 만에 일낸 中企
693,2021.01.19 14:10,"中 매체 ""세계 유일 '플러스 성장'…사회주의 우월성 보여줘"""
694,2021.01.19 14:08,"안철수 ""국민의힘, 경선플랫폼 열어달라…기꺼이 응할 것"" [전문]"
695,2021.01.19 13:58,"중기연, '4차 산업혁명과 양자 컴퓨터' 브라운백 세미나 개최"
696,2021.01.19 13:57,다시 문 연 국립현대미술관
697,2021.01.19 13:53,"아이큐어, 코로나19 백신·치료제 콜드체인 구축 완료"
698,2021.01.19 13:53,"이재용, 코로나19 '음성' 판정...4주 격리 후 재검사"
699,2021.01.19 13:52,국립중앙박물관 운영 재개
700,2021.01.19 13:49,"""대통령에 손가락 욕""…기자회견 때마다 기자 공격하는 친문"
701,2021.01.19 13:47,"""카페 1시간 이용 제한? 그런데 안 나가면 어떻게 되나요"""
702,2021.01.19 13:45,"핑크색 운동복 입은 나경원 ""헬스장, 고위험군?…탁상행정"""
703,2021.01.19 13:43,"[단독] 골드버그 ""美·유럽 경제, 늦여름부터 V자 회복"""
704,2021.01.19 13:42,"김인호 서울시의회 의장 ""백신TF 제안…접종 우선순위 정하라"""
705,2021.01.19 13:26,"제넨셀·헬릭스미스 승인 시도, 인도 아유르베다 의약품은?"
706,2021.01.19 13:18,"탈모전문 뷰티기업 루토닉스 ""해외시장 진출 본격화"""
707,2021.01.19 13:06,쿠팡 상장 이슈로 주가 반등한 이마트 살까? 말까?
708,2021.01.19 12:48,"""백신·치료 전액 국가부담""…홍준표, 코로나 퇴치법 발의"
709,2021.01.19 12:22,"이재명 ""경기도 전 도민에게 10만원 준다…설 전 지급 유력"""
710,2021.01.19 12:12,현대엔지니어링 '힐스테이트 감삼 센트럴' 1순위 평균 15대 1 기록
711,2021.01.19 12:06,'더샵(THE SHARP)' 천안ㆍ아산 2021년 첫 분양 선보인다
712,2021.01.19 12:01,"與, 은행 팔 비틀기 나서나…""코로나에도 이자 꼬박꼬박 받아"""
713,2021.01.19 12:00,"금융위 ""거액 신용대출에 원금분할상환 의무화"" 강력처방"
714,2021.01.19 11:50,"모더나, 캘리포니아에서 알레르기 반응으로 백신 접종 중단"
715,2021.01.19 11:48,"[단독] 유엔 ""서해 피살 때 어떤 조치?""…정부 ""北에 공조 요청"""
716,2021.01.19 11:30,"동국제약, 정맥마취제 포폴주사 등 해외 수출 전개"
717,2021.01.19 11:30,'김영란법' 설 선물 한도 10만→20만원…물가 더 오르나
718,2021.01.19 11:28,"진원생명과학, 코로나19 백신 미국 FDA 임상 1상 신청"
719,2021.01.19 11:04,"英 기업들 ""더 못 기다린다""…정부 지원금 11조원 집행 촉구"
720,2021.01.19 11:04,집합금지에도 문 연 유흥주점…단속 나서자 도망간 손님들
721,2021.01.19 10:58,"""中·러시아 백신도 OK""…안전성 우려에도 개도국 수요 급증"
722,2021.01.19 10:45,"與 ""재보선 승리할 후보 내겠다…도덕성·정책 능력 등 심사"""
723,2021.01.19 10:40,미국 증시 거품?…주식에 10억 넣은 자산가들에 물어보니
724,2021.01.19 10:40,"'영부인 호감도 최저' 멜라니아, 작별인사…""폭력 절대 안돼"""
725,2021.01.19 10:32,"고용·산재보험료 연체금 상한, 9%에서 5%로 인하"
726,2021.01.19 10:26,"롯데건설, 우수 파트너사에 커피머신과 감사의 마음 담은 엽서 전달"
727,2021.01.19 10:25,"""중국 시장 잡아라""…한중 청년 디지털 마케팅 경진대회"
728,2021.01.19 10:13,"""소상공인 힘내세요""…KT, 광화문 식당가 밀키트 판매"
729,2021.01.19 10:12,"""이재용 부회장 사면·석방하라""…靑청원 잇따라 등장"
730,2021.01.19 10:11,"홍익표 ""해외서 백신접종 후 확진자 폭증…반면교사 삼아야"""
731,2021.01.19 10:11,"""1000만 백신을 1200만명에 접종""…코로나 백신주사기 내달 양산"
732,2021.01.19 10:03,"드비어스, 다이아몬드 가격 인상…""코로나 이후 더 잘 팔려"""
733,2021.01.19 10:00,"""홈술족 잡아라""…편의점도 PB 와인으로 '승부수'"
734,2021.01.19 09:58,"올해도 상가시장, '단지 내 상가' 독주할까?"
735,2021.01.19 09:57,[종합] '코로나 1년' 감소세 지속…오늘 신규 확진 386명
736,2021.01.19 09:54,"화성산업, 올해 1조원 수주에 6000여 가구 공급 목표"
737,2021.01.19 09:33,[속보] 경기 139명·서울 101명·인천 19명·부산 및 강원 17명 등 확진
738,2021.01.19 09:33,"정세균 ""확진자 접촉 감염 늘어…설 전후 상황 악화 경계"""
739,2021.01.19 09:30,[속보] 코로나19 신규 확진 386명…이틀 연속 300명대
740,2021.01.19 09:28,"국민체육진흥공단, 2021 SPOEX 온라인 개최 결정"
741,2021.01.19 09:14,코로나 입원 당일 중증 악화·사망 예측 혈액 검사법 나왔다
742,2021.01.19 09:04,"""노래방은 웁니다""…작년 2137곳 폐업, 13년 만에 최고치"
743,2021.01.19 09:01,"""백신 가짜뉴스 대응""…구글, 33억 공개기금 지원"
744,2021.01.19 08:42,"우리들제약, 코로나 진단키트 3종 유럽 인증 획득"
745,2021.01.19 08:38,"""세율 낮은 곳으로 이사 가자""…美 테네시·텍사스 인기 '최고'"
746,2021.01.19 08:14,코로나19 생활치료센터 입소 4명 중 1명꼴 '우울 증상' 호소
747,2021.01.19 08:07,[김현석의 월스트리트나우] 지난해 100% 수익률 거둔 펀드에 지금 투자해도 될까
748,2021.01.19 07:30,"한때 최대 수출 대상국이었던 일본, 작년엔 비중 5% 아래로"
749,2021.01.19 07:30,"文 회견 두고 與 ""소통 노력 돋보여"" vs 野 ""공허했던 시간"" [여의도 브리핑]"
750,2021.01.19 07:23,긴급사태까지 발령했는데…日 코로나19 신규 확진 4925명
751,2021.01.19 07:13,오늘 文주재 국무회의…설 농축산물 선물 20만원까지 허용
752,2021.01.19 07:01,출근길 강추위…신규 확진자 300명대 예상[모닝브리핑]
753,2021.01.19 06:00,"[서울변회장 후보자 인터뷰] 박종우 ""존재감 있는 會 만들겠다"""
754,2021.01.19 00:03,"日, '지역 감염' 영국 변이 바이러스 첫 확인…""감염 경로 불분명"""
755,2021.01.18 23:19,"WHO ""곧 코로나19 사망자 매주 10만명 될 것"""
756,2021.01.18 23:00,"文 대통령 ""사면 말할 때 아니다"" 발언에…이낙연 ""뜻 존중"""
757,2021.01.18 22:26,이틀 연속 300명대 기대…오후 9시까지 신규확진 348명
758,2021.01.18 22:00,"에어비앤비, K팝 온라인 체험 페스티벌 개최"
759,2021.01.18 21:07,"日 스가, 백신 접종 담당 각료 신설…""정치적 승부수"""
760,2021.01.18 20:47,"英, 코로나19 백신 접종 70대 이상으로 확대"
761,2021.01.18 20:45,쿠팡 상장 이슈로 주가 반등한 이마트…살까? 말까? [주코노미TV]
762,2021.01.18 20:08,"월가 애널리스트가 꼽은 '최선호 종목'…Talos,Twilio, SI-Bone에 주목하라"
763,2021.01.18 20:03,"'지난해 1000억 적자' 하나투어, 결국 구조 조정 나선다"
764,2021.01.18 19:56,"독일, 코로나19 변이 바이러스 발견…내일 추가 봉쇄 조처 강화 논의"
765,2021.01.18 19:54,"인터콥 대표, BJT열방센터 집단감염 사과…""검사 받길 호소"""
766,2021.01.18 19:12,코로나19 확산세 주춤…오후 6시까지 전국서 303명 신규확진
767,2021.01.18 19:08,"""부자연스러운 손가락 뭔가""…해도 너무한 '친문'의 저격"
768,2021.01.18 19:03,"외신들 ""삼성 비상사태 직면…경쟁기업과 사투서 어려워져"""
769,2021.01.18 19:01,서울동부구치소 코로나19 감소세…10차 전수조사서 확진자 1명
770,2021.01.18 18:47,정읍 요양시설서 갈비뼈 골절 등 '노인 학대' 의혹…고소장 접수
771,2021.01.18 18:45,"이기흥 대한체육회장, 4년 더 한다"
772,2021.01.18 18:44,"콜드 ""'이상주의'로 1년 4개월 만 컴백…떨리고 설레"" [일문일답]"
773,2021.01.18 18:25,성남 모란종합시장 코로나19 감염 확산…2주일 새 14명 확진
774,2021.01.18 18:13,취업률 높은 학과 '전·화·기'지고 '컴·바·화' 뜬다
775,2021.01.18 18:12,코레일·한전·건보공단…공공기관 신규채용 빅3
776,2021.01.18 18:12,"질병후 복귀학생 지도,인성교육 방안...당신이 교사라면?"
777,2021.01.18 18:08,"에픽하이, 정규 10집에 담아낸 공감과 위로의 온도 [종합]"
778,2021.01.18 18:07,[임건순의 제자백가] 뒤뚱거리는 자라가 천리를 간다
779,2021.01.18 18:07,"백신 2차 접종시 자유…이스라엘, 접종자에 '녹색 여권' 발급"
780,2021.01.18 18:07,[세계의 창] 일본이 코로나 팬데믹 대처에 취약한 이유
781,2021.01.18 18:04,"신동빈 ""아버지 그리워지는 날, 빈자리 크다"""
782,2021.01.18 18:03,[사설] 대통령은 국정을 '논평' 아닌 책임지는 자리다
783,2021.01.18 18:02,"서울교통공사, 취약계층 지원"
784,2021.01.18 18:00,김포서 코로나19 확진 추가…누적 590명
785,2021.01.18 17:55,[이슈 프리즘] 이익공유제는 정치공학일 뿐
786,2021.01.18 17:53,"""연인들만 추는 춤? 탱고는 모두를 위한 사랑 춤"""
787,2021.01.18 17:53,[천자 칼럼] 계란값과 밥상물가
788,2021.01.18 17:51,[포토] 설 연휴 승차권 19일부터 비대면 예매
789,2021.01.18 17:51,"부산, 집합금지 업종 지원금 더 준다"
790,2021.01.18 17:50,"코로나 신규 확진, 54일 만에 400명 밑으로"
791,2021.01.18 17:50,순환고속道 완공·광역철도 개통…60년 만에 '新대구' 청사진 완성
792,2021.01.18 17:47,[포토] “날 보러와요” 수원 아쿠아플라넷 개장
793,2021.01.18 17:47,"[김상무 & 이부장] 산행族 필수앱 '트랭글' '램블러', 코스 알려주고 안전등산 동반자"
794,2021.01.18 17:42,"오상헬스케어, 상장 불발…투자자 '멘붕'"
795,2021.01.18 17:41,"'라방'에 꽂힌 패션업계, 온종일 온에어"
796,2021.01.18 17:40,"김광보 국립극단 단장 ""연극, 온라인 극장서도 즐기세요""…연극인들에게 매달 창작비 지원도"
797,2021.01.18 17:39,"셀트리온 코로나 치료제, 시판 첫 관문 넘었다"
798,2021.01.18 17:39,"""벽에 칠해 코로나 바이러스 잡는다""…페인트 3사 불꽃 경쟁"
799,2021.01.18 17:34,고인물 빠지니 다섯 살 어린 상사?…안팎으로 치이는 부장들
800,2021.01.18 17:32,"""롯데렌탈, ESG경영으로 가치경제 선도"""
801,2021.01.18 17:32,희망퇴직으로 1700명 줄이는 은행권…둥지 떠난 젊은층은 핀테크 門 '똑똑'
802,2021.01.18 17:29,"노사정 신년인사회, 37년 만에 첫 취소"
803,2021.01.18 17:29,"日 스가, 탈석탄 사회 선언…""2035년 친환경차 100%로"""
804,2021.01.18 17:27,반도체 품귀에 아우디도 車생산 감축
805,2021.01.18 17:27,"안철수 ""사회적 거리두기 재편 고민…서울시부터 도입"""
806,2021.01.18 17:26,올해 공공기관 2만6000명 뽑는다
807,2021.01.18 17:25,이재명이 던진 공…與 지도부 '4차 재난지원금' 격론
808,2021.01.18 17:24,與 '착한 임대인' 이어 野 '착한 등록금'
809,2021.01.18 17:23,"""백신 접종 부작용땐 정부가 책임지고 보상…9월께 집단면역 형성"""
810,2021.01.18 17:22,"""이익공유제, 대단히 좋은 일이지만 기업에 강제할 수 없어"""
811,2021.01.18 17:20,"충격의 삼성 ""코로나 위기-디지털 전쟁 지휘할 사령관 잃었다"""
812,2021.01.18 17:20,K팝 '찐팬' 확보가 돈이다…커뮤니티 플랫폼 공략 나선 엔씨
813,2021.01.18 17:19,'경영권 승계' 재판 5년 걸릴 듯…'사법 리스크'에 꽁꽁 묶인 삼성
814,2021.01.18 17:19,"SK하이닉스, 개인용 SSD 진출…삼성에 도전"
815,2021.01.18 17:16,"중국, 코로나 뚫고…작년 2.3% 성장"
816,2021.01.18 17:15,"""삼성전자로 올랐던 코스피 삼성전자로 떨어지나"" 탄식"
817,2021.01.18 17:14,"""삼성만의 위기로 끝나지 않아""…패닉에 빠진 경제계"
818,2021.01.18 17:14,"코로나에도 2.3% 성장…""중국 GDP, 2028년 미국 추월할 수도"""
819,2021.01.18 17:11,"광산·철강 우량株 캐는 월가…""원자재 슈퍼사이클 또 온다"""
820,2021.01.18 17:09,文대통령 한 마디에…희비 엇갈린 이낙연과 이재명
821,2021.01.18 17:09,"카페·헬스장 ""손님 받으니 눈물 나""…매출 회복은 '글쎄'"
822,2021.01.18 17:05,"카카오·네이버, 코로나 끝나면 어떻게 될까…증권가 전망은"
823,2021.01.18 17:04,"에스엠, 영업이익 205% 증가 전망에도 '지지부진'"
824,2021.01.18 16:51,"문재인 대통령 ""원전 감사, 정치적 목적 감사 아니다"""
825,2021.01.18 16:45,"유엔에 180억원 미납한 이란 ""韓 동결자금으로 납부하겠다"""
826,2021.01.18 16:41,"[인터뷰+] 신현준, 전 매니저 논란 후…'울림'"
827,2021.01.18 16:34,"외신 ""1위 메모리 반도체 회사에 '공백'…대규모 투자 지연될 것"""
828,2021.01.18 16:22,"영업제한 완화 첫 날 ""숨통 트였지만 역부족""…곳곳서 갈등"
829,2021.01.18 16:18,"""올해 205% 성장할 것"" 전망에도 에스엠 주가 부진한 이유"
830,2021.01.18 16:06,"이재명 ""100년만의 위기…문재인 대통령이 있어서 다행"""
831,2021.01.18 16:03,"""코로나19 바이러스를 잡아라""…'항바이러스' 페인트 경쟁"
832,2021.01.18 15:59,이재용 또 구속…삼성 '반도체 초격차' 빨간불
833,2021.01.18 15:54,"""경기회복 땐 ○○○ 뜬다""…예상 뒤엎고 주가 '급등'"
834,2021.01.18 15:41,"中 코로나19 백신, 효과 의문 이어 '바가지' 논란"
835,2021.01.18 15:40,"이재용 ""할말 없다""·삼성 ""참담한 심정""…뉴삼성 좌초 위기"
836,2021.01.18 15:40,초유의 온·오프 회견…인터넷 먹통에 질문 못하기도
837,2021.01.18 15:23,서민 자금난에 '햇살론' 급증
838,2021.01.18 15:21,자율주행·AI·신재생에너지…미래 먹거리 키우는 기업들
839,2021.01.18 15:20,'관제 기부'된 농어촌 상생기금이 이익공유제 모델?
840,2021.01.18 15:16,재택근무·돌밥돌밥에 작년 매출 33% 뛴 '아침식사 맛집'은?
841,2021.01.18 15:15,"GS, 디지털 전환 통해 미래형 주유소·초대형 커머스 이끈다"
842,2021.01.18 15:14,"한화, 美에 2조 규모 태양광 프로젝트…글로벌 신재생 에너지 시장 공략"
843,2021.01.18 15:13,"재계, 이재용 구속에 장탄식…""우리경제에 악영향 미칠 것"""
844,2021.01.18 15:04,"중국發 원자재 슈퍼사이클 또 온다…골드만삭스 ""광산·철강주 사라"""
845,2021.01.18 15:02,"KT, 'AI 원팀' 손잡고 로봇·자율주행 잰걸음"
846,2021.01.18 15:01,"文 '재벌개혁' 얘기한 날, 이재용 구속…충격 휩싸인 삼성"
847,2021.01.18 15:01,"""보험사, 수익률에만 치중한 자산운용 바꿔야"""
848,2021.01.18 14:58,"""S&P500지수, 올해 4200 넘길 수 있다"""
849,2021.01.18 14:54,"석유로 돈 번 UAE 아부다비 ""다음 먹거리는 수소"" [선한결의 중동은지금]"
850,2021.01.18 14:52,"눈덩이처럼 불어난 미국 부채…JP모간 ""금리 3%되면 위기"""
851,2021.01.18 14:46,"이재명 ""문 대통령, '1인 10만원' 경기도 재난지원금 수용"""
852,2021.01.18 14:45,"코레일, 설 승차권 100% 비대면 예매"
853,2021.01.18 14:25,"유승민 ""文 입양아 발언 듣고 순간 멍해졌다"" [전문]"
854,2021.01.18 14:02,"중국, 코로나19 뚫고 2%대 경제 성장 달성"
855,2021.01.18 13:54,"신동아건설, ""올해 2조5000억 수주 목표"""
856,2021.01.18 13:51,"국민체육진흥공단, 스포츠산업 인턴십 참여기업 모집"
857,2021.01.18 13:44,코로나로 선수 부족…세계 남자핸드볼선수권 몰수패 등장
858,2021.01.18 13:41,전기차 앞세운 푸조…'푸조 전기 사자' 캠페인
859,2021.01.18 13:38,"집콕하며 된장 담가볼까…CU, '된장 만들기 키트' 출시"
860,2021.01.18 13:34,"""경선 통과부터"" 머리 질끈 묶고 우클릭 선언한 나경원"
861,2021.01.18 12:56,윤석열 감싸고 부동산정책 입장도 후퇴…달라진 文 [종합]
862,2021.01.18 12:54,신한라이프 공채 1기 '두 자릿수'로 모집…4월 1일 모집공고
863,2021.01.18 12:46,호반산업-포천시 '고모리에 산업단지' 사업협약 체결
864,2021.01.18 12:43,"ABL생명, '카톡 채팅'으로 보험 업무보는 챗봇 서비스 시작"
865,2021.01.18 12:37,"가수 존박, 코로나19 확진…""무증상, 격리시설 입원"""
866,2021.01.18 12:25,"방역당국 ""거리두기 이달까지 유지…확진자 줄면 조정"""
867,2021.01.18 12:10,"렉스턴 스포츠, 영국 車전문지 선정 '최고의 픽업' 등극"
868,2021.01.18 12:05,"""코로나 백신 먼저 맞을 거냐"" 질문에 文대통령 대답은?"
869,2021.01.18 11:58,"故 신격호 명예회장 1주기…신동빈 ""굳은 의지로 어려움 이겨내겠다"""
870,2021.01.18 11:56,"추-윤 갈등에 입연 文 ""민주주의의 일반적 과정…尹은 文정부 검찰총장"""
871,2021.01.18 11:53,"""막막했는데 고객이 돌아왔다""…카페점주, 오랜만에 웃었다"
872,2021.01.18 11:53,"갤S21 실구매가 40만원대…KT, 하루 만에 지원금 2배 인상"
873,2021.01.18 11:50,서울 동대문구 사우나서 확진자 22명
874,2021.01.18 11:29,"엔지켐생명과학, 코로나19 치료제 국내 2상 환자 모집 완료"
875,2021.01.18 11:27,"문대통령 ""이익공유제 강제 안돼…기업 참여 유도하고 인센티브 부여"""
876,2021.01.18 11:23,"[속보] 文 ""불통 논란? 코로나 때문에 기자회견 등 어려웠던 것"""
877,2021.01.18 11:16,"文대통령 ""코로나 이익공유, 기업 출연으로…농어촌기금 선례"""
878,2021.01.18 11:12,"文대통령 ""코로나로 돈 번 기업들, 기금 만들면 좋은 일"""
879,2021.01.18 11:05,막국수로 하루 1000만원 번다고?…오뚜기 PICK 맛집 [임락근의 식스센스]
880,2021.01.18 11:04,"""버블 속에서도 강세장은 계속된다""…美 백만장자들 설문"
881,2021.01.18 10:59,"문 대통령 ""코로나 백신 부작용 발생하면 정부가 충분히 보상"""
882,2021.01.18 10:56,"[속보] 문 대통령 ""코로나 백신 부작용, 정부가 보상할 것"""
883,2021.01.18 10:54,"文대통령 ""韓-中 관계 중요…시진핑 조기방한 노력할 것"""
884,2021.01.18 10:49,"""지금은 말할 때 아니다""…MB·朴 사면론 선 그은 문 대통령"
885,2021.01.18 10:47,"文 ""동부구치소 사태 엄중…수감자 일반병원 격리 어려워"""
886,2021.01.18 10:47,"푸르덴셜, 임원 고정좌석도 없애…스마트오피스 전면 도입"
887,2021.01.18 10:34,"BBC ""백신 공급 지연 후회 안 하나""…文 ""충분히 빨라"""
888,2021.01.18 10:32,"[마켓인사이트]한기평 ""올해 한화생명, 푸본현대생명 요주의 모니터링 대상"""
889,2021.01.18 10:26,"[속보] 문 대통령 ""코로나 백신 충분히 빠르게 도입되고 있다"""
890,2021.01.18 10:26,"한미약품, 코로나19 신속항원진단키트 내달 출시"
891,2021.01.18 10:24,군 장병 '휴가·외출' 통제 31일까지 계속
892,2021.01.18 10:19,"김종인 ""3차 재난지원금 9조원…자영업자 돕는데 역부족"""
893,2021.01.18 10:12,[단독] 올해 노사정 신년인사회 안한다…37년만에 처음
894,2021.01.18 10:11,[김구선의 뉴노멀 골프] 2021 골프산업 트랜드 (2)
895,2021.01.18 10:11,코레일 1400명·한전 1100명…올해 공공기관 2.6만명 신규 채용
896,2021.01.18 10:05,[마켓인사이트]롯데지주 회사채에 1조1900억원 '사자' 주문
897,2021.01.18 10:01,"안철수는 밖에서, 오세훈·나경원은 안에서 '野흥행' 이끈다"
898,2021.01.18 10:00,"[국제경영 컨설턴트가 들려주는 이야기] 도깨비가 다녀간 퀘벡, 나도 한번 살아볼까?"
899,2021.01.18 09:57,국내 코로나19 어제 389명…확산세 감소 국면
900,2021.01.18 09:56,"[마켓인사이트]한일화학, 동일수지에 670억원 규모 토지 매각…""차입금 상환 계획"""
901,2021.01.18 09:56,"[마켓인사이트]기업 신용등급 상하향배율 0.47배…""하향 기조 뚜렷"""
902,2021.01.18 09:54,"""공매도 금지, 한국·인도네시아뿐""…與서 재개 찬성론 나와"
903,2021.01.18 09:51,청약사(史) 새로 쓴 공공분양 흥행 잇는다 … '위례자이 더 시티' 신혼희망타운 18~19일 청약
904,2021.01.18 09:39,"아우디도 '반도체 부족'에 생산 차질…""1만 명 휴직"""
905,2021.01.18 09:35,[속보] 코로나19 어제 389명…서울 132명 경기 105명 경남 22명 등
906,2021.01.18 09:34,"안철수 ""아이 한 명당 20만원…'손주돌봄수당' 지급 추진"""
907,2021.01.18 09:33,[속보] 코로나19 사망자 15명 늘어…누적 1264명
908,2021.01.18 09:31,[속보] 코로나19 어제 389명 추가…2개월 만에 첫 300명대
909,2021.01.18 09:28,"JW바이오사이언스, 싱가포르 분자진단 기업에 지분 투자"
910,2021.01.18 09:22,日 스가 시정연설…한일 관계 발언 '주목'
911,2021.01.18 09:14,대구서 13명 추가 확진…대부분이 접촉자
912,2021.01.18 09:14,"진원생명과학 “코로나19 코 스프레이 치료제, 효과 확인”"
913,2021.01.18 09:01,사진 현상하는 월터가 해고될 수밖에 없는 디지털 시대
914,2021.01.18 09:01,'마법의 은(銀) 탄환' 코로나 백신 개발…'팬데믹 탈출' 인류의 반격이 시작됐다
915,2021.01.18 09:01,"뜨거워진 증시, 과열인가 아닌가…워런 버핏의 감별법은?"
916,2021.01.18 09:00,mRNA·바이럭스벡터 방식…백신도 종류가 다양하네
917,2021.01.18 09:00,[사진으로 보는 세상] 세계 최대 IT·가전 전시회 'CES 2021' 온라인으로 열려
918,2021.01.18 09:00,"진시황도, 아킬레스 어머니도 '완전한 백신'을 찾았던 걸까"
919,2021.01.18 09:00,[숫자로 읽는 세상] LNG 가격 한달새 3배 급등…도시가스·전기 요금 오르나
920,2021.01.18 09:00,[시사이슈 찬반토론] 대한민국 첫 인구 감소…'재정 투입 해법' 계속해야 하나
921,2021.01.18 09:00,[숫자로 읽는 세상] 가계 여윳돈 2000조…증시·부동산 '불쏘시개' 됐다
922,2021.01.18 08:54,"이재용, 오늘 파기환송심 선고…경제계 ""선처"" 호소"
923,2021.01.18 08:52,"""빅파마, 세포·유전자 치료제 생산시설에 관심가질 것"""
924,2021.01.18 08:30,"'이익공유제' 두고 與 ""MB도 추진""…野 ""여론은 시큰둥"" [여의도 브리핑]"
925,2021.01.18 08:25,"""셀트리온, 코로나19 치료제 2분기 해외 긴급사용승인 예상"""
926,2021.01.18 08:10,"文, 오늘 신년 기자회견…부동산 문제 시원한 답변 나올까"
927,2021.01.18 08:04,외식업체 월매출 16.5% 감소…배달만 하는 업체는 오히려 증가
928,2021.01.18 07:55,"中, 작년 경제성장률 발표한다…코로나 속 '나홀로 성장' 전망"
929,2021.01.18 07:49,"월가 부자들 ""증시 거품 끼었지만 더 투자할 것"" [조재길의 뉴욕증시 전망대]"
930,2021.01.18 07:48,"변호사 부부의 배달음식 갑질 논란 ""술 현관에 놓고 가세요!"""
931,2021.01.18 07:47,세계 4위 자동차 그룹 스텔란티스 출범…합병 절차 마쳐
932,2021.01.18 07:43,"정의선, 작년 폭락장서 사들인 800억 주식…3배로 불었다"
933,2021.01.18 07:35,"바이든, 취임식 연설 키워드는 '단합'…""분열과 증오는 뒤로"""
934,2021.01.18 07:34,"미국인 67% ""바이든 정권인수 잘하고 있다""…향후 전망은?"
935,2021.01.18 07:34,오늘부터 카페서 취식 된다…헬스장·노래방·학원 운영 재개
936,2021.01.18 07:33,고삐 풀린 식탁물가…코로나19로 '집밥' 늘었는데 어쩌나
937,2021.01.18 07:31,"파우치 ""수주내 백신 추가승인 가능…100일내 1억명 접종할 것"""
938,2021.01.18 07:14,임차료 부담 줄여라…오늘부터 집합제한 소상공인 특별대출
939,2021.01.18 07:00,GM이 테슬라를 이길 수 있을까? [허란의 해외주식2.0]
940,2021.01.18 06:47,"""결재도장도 사장님께 인사하듯 기울여서 찍으세요"" [정영효의 인사이드 재팬]"
941,2021.01.18 06:11,"치솟는 국제 곡물 가격…""국내 식탁 물가도 오른다"""
942,2021.01.18 05:32,[한경 CFO Insight] LG SK의 배터리 IPO 전쟁
943,2021.01.18 05:29,[한경 CFO Insight] PEF 썰전-가치투자의 가치
944,2021.01.18 01:58,"6월 G7 정상회의, 문재인 대통령 참석한다"
945,2021.01.18 00:49,코로나19 여파… 지난해 관광레저소비 22조원 감소
946,2021.01.17 23:33,"러 보건장관의 일침 ""코로나 백신 접종 후에도 마스크 착용해야"""
947,2021.01.17 21:43,"제설 2단계 격상…구리시청 ""눈사람 만들기 하자"" 재난문자"
948,2021.01.17 21:24,세계 곳곳서 화이자 백신 사망 사례…노르웨이서 29명 사망
949,2021.01.17 20:13,"독일 100만명, 영국 350만명 코로나19 백신 1차 접종 완료"
950,2021.01.17 20:03,"나경원 ""헬스장 9시 영업제한 비합리적…시간 늘려 분산시켜야"""
951,2021.01.17 19:46,"정세균 총리 ""2주간 상황 면밀히 주시…추가 조정 검토"""
952,2021.01.17 19:35,오후 6시까지 전국서 331명 신규 확진…내일 400명대 진입할까
953,2021.01.17 18:30,"오정연 ""카페 휴업…월세 200만원, 존폐 고민 중"" (당나귀 귀)"
954,2021.01.17 18:19,[사설] 대통령 신년회견에서 국민이 꼭 듣고 싶은 것들
955,2021.01.17 18:19,"[사설] 코로나 발생 1년, 국민 희생으로 최악은 피했지만…"
956,2021.01.17 18:18,[사설] 과열 경고하면서 돈은 계속 풀겠다는 韓銀의 딱한 현실
957,2021.01.17 18:18,"[기고] 모바일 신분증, 디지털 시대 여는 열쇠"
958,2021.01.17 18:16,"[김경준의 통찰과 전망] 아날로그와 디지털, 쌍방향 융합 시대"
959,2021.01.17 18:10,[한경에세이] 코로나가 앗아간 친정 방문의 꿈
960,2021.01.17 18:07,[포토] 종이 관중 앞에서 환상의 묘기
961,2021.01.17 18:06,"""도쿄올림픽 취소될 수도"" 日 각료 첫 언급"
962,2021.01.17 18:04,"봉준호, 한국인 처음 베니스 국제영화제 '심사위원장'에 위촉"
963,2021.01.17 18:01,"외교협회의 갑질…""학생은 엘리베이터 금지"""
964,2021.01.17 18:00,건기식으로 변신한 요거트 '폭풍 성장'
965,2021.01.17 17:57,요가복 1위 올라선 '젝시믹스'…홈트족 겨냥 온라인 직판 적중
966,2021.01.17 17:57,'서울善결제상품권' 소규모 학원에서도 쓴다
967,2021.01.17 17:55,국내 최대 실내 '스마트농장' 일군 팜에이트
968,2021.01.17 17:54,"삼성바이오, 로슈 의약품 수탁 생산"
969,2021.01.17 17:52,반도체 기술 도입하는 진단업체들
970,2021.01.17 17:50,인도 SUV시장 '호령'…2대 중 1대는 현대차·기아
971,2021.01.17 17:50,"""이재용 부회장 선처를""…줄잇는 경제계 호소"
972,2021.01.17 17:48,"포스코, 분기 영업익 1조 회복하나"
973,2021.01.17 17:43,"정부, 친환경기업에 年1%로 4000억 빌려준다"
974,2021.01.17 17:43,'환경 결산서' 내놓은 구찌·생로랑…名品 브랜드의 새 길 제시
975,2021.01.17 17:38,스가 지지율 33%…'단명 총리'되나
976,2021.01.17 17:35,노르웨이서 화이자 백신 맞고 23명 사망…접종중단 위기
977,2021.01.17 17:32,볼보 '다시 사고 싶은 수입차' 1위
978,2021.01.17 17:31,라텍스 장갑·요가복·알약 껍질…'스페셜티'로 돈 쓸어담는 화학사
979,2021.01.17 17:31,"""BMW·애플처럼 이익 공유하자""는 與…기업 ""이익 산정 힘들고 배임 처벌 우려"""
980,2021.01.17 17:28,"곡물 수입 의존하는 韓, 식품물가 오르나"
981,2021.01.17 17:26,형평성 논란에…대구·경주 '밤 11시까지 영업' 없던 일로
982,2021.01.17 17:22,3월 '공매도 유령' 돌아온다…개미들이 피해야 할 종목
983,2021.01.17 17:19,셰브런·IBM…배당수익률 높은 '다우의 개' 달린다
984,2021.01.17 17:18,"""美 경기 강한 반등""…저평가 폐기물처리·항공주 '찜'"
985,2021.01.17 17:18,'130년 역사' 전기장비 기업 ABB…전기차 충전·로봇 부문 고속성장
986,2021.01.17 17:18,"아모레, 디지털 채널 성공 전환…22만원 회복"
987,2021.01.17 17:18,"경기도 '1인 10만원' 재난소득 또 준다…""예산 1.4조"""
988,2021.01.17 17:18,"코스피 3000시대…""BBIG 대신 VVIG가 뜬다"""
989,2021.01.17 17:17,[한상춘의 국제경제읽기] 에클스 실수 vs 그린스펀 실수…韓銀의 선택은?
990,2021.01.17 17:17,"상하이증시, 연간 GDP 증가율 발표…2% 안팎 전망"
991,2021.01.17 17:11,"코로나 시대 맞은 '유통공룡', 스타트업에 길을 묻다"
992,2021.01.17 17:10,18일부터 헬스장·노래방 다시 문 연다
993,2021.01.17 17:08,"카페 앉고, 당구장 문 열고…'9시 통금'은 400명대 진입땐 완화"
994,2021.01.17 17:07,금계란·금사과…손 떨리는 밥상물가
995,2021.01.17 17:03,"文, 내일 초유의 '온라인 기자회견'…'사면·부동산' 언급 주목"
996,2021.01.17 17:02,"사실상 準전시 돌입한 워싱턴…""링컨 취임식 이후 가장 삼엄"""
997,2021.01.17 16:58,"""40년 기다린 오색케이블카…대통령이 희망고문 끝내달라"""
998,2021.01.17 16:52,"강권중 아름다운주택포럼 부대표, '그래도, 아름다운 세상' 주제로 사진전 개최"
999,2021.01.17 16:51,"[데스크 칼럼] 공매도, 은성수가 결자해지하라"
1000,2021.01.17 16:50,[다산 칼럼] 파고 드센 중국 경제
